Temps,Latitude,Longitude,Vitesse,Consommation (ml)
2022-01-24 09:22:12,34.37527084350586,-5.899105072021484,0,2.5
2022-01-24 09:22:18,34.37527084350586,-5.899105072021484,0,4.166666666666667
2022-01-24 09:22:24,34.37527084350586,-5.899105072021484,0,7.5
2022-01-24 09:22:30,34.37527084350586,-5.899105072021484,0,10.833333333333332
2022-01-24 09:22:36,34.37527084350586,-5.899105072021484,0,12.499999999999998
2022-01-24 09:22:42,34.37527084350586,-5.899105072021484,0,14.166666666666664
2022-01-24 09:22:48,34.37527084350586,-5.899105072021484,0,15.0
2022-01-24 09:22:54,34.37527084350586,-5.899105072021484,0,16.666666666666668
2022-01-24 09:23:00,34.37527084350586,-5.899105072021484,0,19.166666666666668
2022-01-24 09:23:06,34.37527084350586,-5.899105072021484,0,20.833333333333336
2022-01-24 09:23:12,34.37527084350586,-5.899105072021484,0,22.500000000000004
2022-01-24 09:23:18,34.37527084350586,-5.899105072021484,0,23.333333333333336
2022-01-24 09:23:24,34.37527084350586,-5.899105072021484,0,24.166666666666668
2022-01-24 09:23:30,34.37527084350586,-5.899105072021484,0,25.0
2022-01-24 09:23:36,34.37527084350586,-5.899105072021484,0,25.83333333333333
2022-01-24 09:23:42,34.37527084350586,-5.899105072021484,0,28.33333333333333
2022-01-24 09:23:48,34.37527084350586,-5.899105072021484,0,30.0
2022-01-24 09:23:54,34.37527084350586,-5.899105072021484,0,32.5
2022-01-24 09:24:00,34.37527084350586,-5.899105072021484,0,35.0
2022-01-24 09:24:06,34.37527084350586,-5.899105072021484,0,36.66666666666666
2022-01-24 09:24:12,34.37527084350586,-5.899105072021484,0,38.33333333333333
2022-01-24 09:24:18,34.37527084350586,-5.899105072021484,0,39.99999999999999
2022-01-24 09:24:24,34.37527084350586,-5.899105072021484,0,41.66666666666667
2022-01-24 09:24:30,34.37527084350586,-5.899105072021484,0,43.333333333333336
2022-01-24 09:24:36,34.37527084350586,-5.899105072021484,0,45.0
2022-01-24 09:24:42,34.37527084350586,-5.899105072021484,0,45.833333333333336
2022-01-24 09:24:48,34.37527084350586,-5.899105072021484,0,47.5
2022-01-24 09:24:54,34.37527084350586,-5.899105072021484,0,49.16666666666666
2022-01-24 09:25:00,34.37527084350586,-5.899105072021484,0,50.83333333333333
2022-01-24 09:25:06,34.37527084350586,-5.899105072021484,0,53.33333333333333
2022-01-24 09:25:12,34.37527084350586,-5.899105072021484,0,58.333333333333336
2022-01-24 09:25:18,34.37527084350586,-5.899105072021484,0,61.66666666666667
2022-01-24 09:25:24,34.37527084350586,-5.899105072021484,0,66.66666666666667
2022-01-24 09:25:30,34.37527084350586,-5.899105072021484,0,70.0
2022-01-24 09:25:36,34.37527084350586,-5.899105072021484,0,75.83333333333333
2022-01-24 09:25:42,34.37527084350586,-5.899105072021484,0,80.0
2022-01-24 09:25:48,34.37527084350586,-5.899105072021484,0,81.66666666666667
2022-01-24 09:25:54,34.37527084350586,-5.899105072021484,0,85.0
2022-01-24 09:26:00,34.37527084350586,-5.899105072021484,0,87.5
2022-01-24 09:26:06,34.37527084350586,-5.899105072021484,0,90.0
2022-01-24 09:26:12,34.37527084350586,-5.899105072021484,0,92.5
2022-01-24 09:26:18,34.37527084350586,-5.899105072021484,0,97.5
2022-01-24 09:26:24,34.37527084350586,-5.899105072021484,0,100.83333333333331
2022-01-24 09:26:30,34.37527084350586,-5.899105072021484,0,104.16666666666666
2022-01-24 09:26:36,34.37527084350586,-5.899105072021484,0,109.16666666666666
2022-01-24 09:26:42,34.37527084350586,-5.899105072021484,0,113.33333333333331
2022-01-24 09:26:48,34.37527084350586,-5.899105072021484,0,119.16666666666666
2022-01-24 09:26:54,34.37527084350586,-5.899105072021484,0,120.83333333333331
2022-01-24 09:27:00,34.37527084350586,-5.899105072021484,0,125.83333333333331
2022-01-24 09:27:06,34.37527084350586,-5.899105072021484,0,128.33333333333331
2022-01-24 09:27:12,34.37527084350586,-5.899105072021484,0,129.99999999999997
2022-01-24 09:27:18,34.37527084350586,-5.899105072021484,0,133.33333333333331
2022-01-24 09:27:24,34.37527084350586,-5.899105072021484,0,134.99999999999997
2022-01-24 09:27:30,34.37527084350586,-5.899105072021484,0,137.49999999999997
2022-01-24 09:27:36,34.37527084350586,-5.899105072021484,0,139.16666666666666
2022-01-24 09:27:42,34.37527084350586,-5.899105072021484,0,141.66666666666666
2022-01-24 09:27:48,34.37527084350586,-5.899105072021484,0,145.0
2022-01-24 09:27:54,34.37527084350586,-5.899105072021484,0,149.16666666666666
2022-01-24 09:28:00,34.37527084350586,-5.899105072021484,0,151.66666666666666
2022-01-24 09:28:06,34.37527084350586,-5.899105072021484,0,155.83333333333331
2022-01-24 09:28:12,34.37527084350586,-5.899105072021484,0,160.83333333333331
2022-01-24 09:28:18,34.37527084350586,-5.899105072021484,0,163.33333333333331
2022-01-24 09:28:24,34.37527084350586,-5.899105072021484,0,168.33333333333331
2022-01-24 09:28:30,34.37527084350586,-5.899105072021484,0,170.83333333333331
2022-01-24 09:28:36,34.37527084350586,-5.899105072021484,0,174.99999999999997
2022-01-24 09:28:42,34.37527084350586,-5.899105072021484,0,176.66666666666663
2022-01-24 09:28:48,34.37527084350586,-5.899105072021484,0,177.49999999999997
2022-01-24 09:28:54,34.37527084350586,-5.899105072021484,0,179.16666666666663
2022-01-24 09:29:00,34.37527084350586,-5.899105072021484,0,179.99999999999997
2022-01-24 09:29:06,34.37527084350586,-5.899105072021484,0,180.8333333333333
2022-01-24 09:29:12,34.37527084350586,-5.899105072021484,0,181.66666666666669
2022-01-24 09:29:18,34.37527084350586,-5.899105072021484,0,182.50000000000003
2022-01-24 09:29:24,34.37527084350586,-5.899105072021484,0,183.33333333333337
2022-01-24 09:29:30,34.37527084350586,-5.899105072021484,0,184.1666666666667
2022-01-24 09:29:36,34.37527084350586,-5.899105072021484,0,185.00000000000009
2022-01-24 09:29:42,34.37527084350586,-5.899105072021484,0,185.8333333333334
2022-01-24 09:29:48,34.37527084350586,-5.899105072021484,0,186.66666666666677
2022-01-24 09:29:54,34.37527084350586,-5.899105072021484,0,187.50000000000009
2022-01-24 09:30:00,34.37527084350586,-5.899105072021484,0,188.3333333333333
2022-01-24 09:30:06,34.37527084350586,-5.899105072021484,0,189.16666666666663
2022-01-24 09:30:12,34.37527084350586,-5.899105072021484,0,190.0
2022-01-24 09:30:18,34.37527084350586,-5.899105072021484,0,190.83333333333331
2022-01-24 09:30:24,34.37527084350586,-5.899105072021484,0,191.66666666666669
2022-01-24 09:30:30,34.37527084350586,-5.899105072021484,0,192.50000000000003
2022-01-24 09:30:36,34.37527084350586,-5.899105072021484,0,193.33333333333337
2022-01-24 09:30:42,34.37527084350586,-5.899105072021484,0,194.1666666666667
2022-01-24 09:30:48,34.37527084350586,-5.899105072021484,0,195.0
2022-01-24 09:30:54,34.37527084350586,-5.899105072021484,0,195.83333333333331
2022-01-24 09:31:00,34.37527084350586,-5.899105072021484,0,196.66666666666669
2022-01-24 09:31:06,34.37527084350586,-5.899105072021484,0,197.50000000000003
2022-01-24 09:31:12,34.37527084350586,-5.899105072021484,0,199.16666666666669
2022-01-24 09:31:18,34.37527084350586,-5.899105072021484,0,200.00000000000003
2022-01-24 09:31:24,34.37527084350586,-5.899105072021484,0,201.66666666666669
2022-01-24 09:31:30,34.37527084350586,-5.899105072021484,0,202.50000000000003
2022-01-24 09:31:36,34.37527084350586,-5.899105072021484,0,203.3333333333333
2022-01-24 09:31:42,34.37527084350586,-5.899105072021484,0,205.0
2022-01-24 09:31:48,34.37527084350586,-5.899105072021484,0,205.8333333333333
2022-01-24 09:31:54,34.37527084350586,-5.899105072021484,0,208.3333333333333
2022-01-24 09:32:00,34.37527084350586,-5.899105072021484,0,210.0
2022-01-24 09:32:06,34.37527084350586,-5.899105072021484,0,211.66666666666663
2022-01-24 09:32:12,34.37527084350586,-5.899105072021484,0,215.0
2022-01-24 09:32:18,34.37527084350586,-5.899105072021484,0,216.66666666666663
2022-01-24 09:32:24,34.37527084350586,-5.899105072021484,0,219.16666666666663
2022-01-24 09:32:30,34.37527084350586,-5.899105072021484,0,222.5
2022-01-24 09:32:36,34.37527084350586,-5.899105072021484,0,224.16666666666663
2022-01-24 09:32:42,34.37527084350586,-5.899105072021484,0,228.3333333333333
2022-01-24 09:32:48,34.37527084350586,-5.899105072021484,0,229.99999999999997
2022-01-24 09:32:54,34.37527084350586,-5.899105072021484,0,234.1666666666666
2022-01-24 09:33:00,34.37527084350586,-5.899105072021484,0,237.49999999999997
2022-01-24 09:33:06,34.37527084350586,-5.899105072021484,0,239.1666666666666
2022-01-24 09:33:12,34.37527084350586,-5.899105072021484,0,241.66666666666663
2022-01-24 09:33:18,34.37527084350586,-5.899105072021484,0,245.0
2022-01-24 09:33:24,34.37527084350586,-5.899105072021484,0,248.33333333333331
2022-01-24 09:33:30,34.37527084350586,-5.899105072021484,0,252.5
2022-01-24 09:33:36,34.37527084350586,-5.899105072021484,0,253.33333333333331
2022-01-24 09:33:42,34.37527084350586,-5.899105072021484,0,258.33333333333337
2022-01-24 09:33:48,34.37527084350586,-5.899105072021484,0,260.00000000000006
2022-01-24 09:33:54,34.37527084350586,-5.899105072021484,0,260.83333333333337
2022-01-24 09:34:00,34.37527084350586,-5.899105072021484,0,262.5
2022-01-24 09:34:06,34.37527084350586,-5.899105072021484,0,268.3333333333333
2022-01-24 09:34:12,34.37527084350586,-5.899105072021484,0,271.66666666666663
2022-01-24 09:34:18,34.37527084350586,-5.899105072021484,0,277.49999999999994
2022-01-24 09:34:24,34.37527084350586,-5.899105072021484,0,281.66666666666663
2022-01-24 09:34:30,34.37527084350586,-5.899105072021484,0,285.8333333333333
2022-01-24 09:34:36,34.37527084350586,-5.899105072021484,0,290.0
2022-01-24 09:34:42,34.37527084350586,-5.899105072021484,0,291.6666666666667
2022-01-24 09:34:48,34.37527084350586,-5.899105072021484,0,292.5
2022-01-24 09:34:54,34.37527084350586,-5.899105072021484,0,294.16666666666663
2022-01-24 09:35:00,34.37527084350586,-5.899105072021484,0,297.5
2022-01-24 09:35:06,34.37527084350586,-5.899105072021484,0,300.8333333333333
2022-01-24 09:35:12,34.37527084350586,-5.899105072021484,0,302.5
2022-01-24 09:35:18,34.37527084350586,-5.899105072021484,0,309.16666666666663
2022-01-24 09:35:24,34.37527084350586,-5.899105072021484,0,312.5
2022-01-24 09:35:30,34.37527084350586,-5.899105072021484,0,317.5
2022-01-24 09:35:36,34.37527084350586,-5.899105072021484,0,323.3333333333333
2022-01-24 09:35:42,34.37527084350586,-5.899105072021484,0,325.8333333333333
2022-01-24 09:35:48,34.37527084350586,-5.899105072021484,0,330.0
2022-01-24 09:35:54,34.37527084350586,-5.899105072021484,0,330.8333333333333
2022-01-24 09:36:00,34.37527084350586,-5.899105072021484,0,331.66666666666663
2022-01-24 09:36:06,34.37527084350586,-5.899105072021484,0,333.3333333333333
2022-01-24 09:36:12,34.37527084350586,-5.899105072021484,0,334.16666666666663
2022-01-24 09:36:18,34.37862777709961,-5.896955966949463,8,335.0
2022-01-24 09:36:24,34.37874221801758,-5.896912097930908,8,338.33333333333337
2022-01-24 09:36:30,34.37885665893555,-5.896921157836914,5,340.0
2022-01-24 09:36:36,34.37897491455078,-5.896993160247803,8,344.16666666666663
2022-01-24 09:36:42,34.379058837890625,-5.897122859954834,8,346.66666666666663
2022-01-24 09:36:48,34.37913513183594,-5.897265911102295,9,350.0
2022-01-24 09:36:54,34.379234313964844,-5.897375106811523,8,351.66666666666663
2022-01-24 09:37:00,34.37931060791016,-5.897451877593994,6,354.16666666666663
2022-01-24 09:37:06,34.37936782836914,-5.89752197265625,4,356.66666666666663
2022-01-24 09:37:12,34.37938690185547,-5.897546768188477,1,357.5
2022-01-24 09:37:18,34.37938690185547,-5.897562026977539,3,358.33333333333337
2022-01-24 09:37:24,34.379356384277344,-5.897519111633301,0,359.1666666666667
2022-01-24 09:37:30,34.37933349609375,-5.897625923156738,5,360.83333333333337
2022-01-24 09:37:36,34.37931442260742,-5.897706985473633,5,361.6666666666667
2022-01-24 09:37:42,34.37936782836914,-5.897720813751221,5,362.5
2022-01-24 09:37:48,34.379417419433594,-5.897646903991699,5,365.0
2022-01-24 09:37:54,34.379398345947266,-5.897583961486816,1,365.83333333333337
2022-01-24 09:38:00,34.3793830871582,-5.897561073303223,0,366.6666666666666
2022-01-24 09:38:06,34.37938690185547,-5.897572994232178,0,367.5
2022-01-24 09:38:12,34.37938690185547,-5.897572994232178,0,368.33333333333337
2022-01-24 09:38:18,34.37938690185547,-5.897572994232178,0,369.1666666666667
2022-01-24 09:38:24,34.37938690185547,-5.897572994232178,0,370.0
2022-01-24 09:38:30,34.37938690185547,-5.897572994232178,0,370.83333333333337
2022-01-24 09:38:36,34.37938690185547,-5.897572994232178,0,372.5
2022-01-24 09:38:42,34.37938690185547,-5.897572994232178,0,373.33333333333337
2022-01-24 09:38:48,34.37938690185547,-5.897572994232178,0,374.1666666666666
2022-01-24 09:38:54,34.37900924682617,-5.897031784057617,7,376.6666666666666
2022-01-24 09:39:00,34.37892150878906,-5.896952152252197,6,380.0
2022-01-24 09:39:06,34.37882232666016,-5.896934986114502,8,386.6666666666666
2022-01-24 09:39:12,34.378604888916016,-5.897006988525391,8,388.33333333333326
2022-01-24 09:39:18,34.378509521484375,-5.897078990936279,8,392.5
2022-01-24 09:39:24,34.37842559814453,-5.897150039672852,5,396.6666666666666
2022-01-24 09:39:30,34.37833786010742,-5.897202014923096,6,399.1666666666666
2022-01-24 09:39:36,34.37825393676758,-5.897250175476074,5,401.6666666666666
2022-01-24 09:39:42,34.3781623840332,-5.897303104400635,6,405.0
2022-01-24 09:39:48,34.37807846069336,-5.897373199462891,6,406.6666666666666
2022-01-24 09:39:54,34.37800979614258,-5.897447109222412,6,407.5
2022-01-24 09:40:00,34.37787628173828,-5.897621154785156,7,411.6666666666666
2022-01-24 09:40:06,34.377784729003906,-5.897716999053955,8,422.5
2022-01-24 09:40:12,34.37766647338867,-5.897770881652832,8,425.83333333333337
2022-01-24 09:40:18,34.3775634765625,-5.897801876068115,6,428.33333333333337
2022-01-24 09:40:24,34.377479553222656,-5.897840023040772,4,431.6666666666666
2022-01-24 09:40:30,34.37739944458008,-5.897861003875732,4,435.0
2022-01-24 09:40:36,34.3773193359375,-5.897872924804688,5,438.33333333333337
2022-01-24 09:40:42,34.37724304199219,-5.897881984710693,5,441.6666666666667
2022-01-24 09:40:48,34.3770751953125,-5.897895812988281,5,450.83333333333337
2022-01-24 09:40:54,34.376983642578125,-5.897918224334717,6,456.6666666666667
2022-01-24 09:41:00,34.37689971923828,-5.897964954376221,6,461.6666666666667
2022-01-24 09:41:06,34.3768424987793,-5.898014068603516,4,464.1666666666667
2022-01-24 09:41:12,34.37677764892578,-5.898071765899658,6,469.1666666666667
2022-01-24 09:41:18,34.37670135498047,-5.8981451988220215,6,475.0
2022-01-24 09:41:24,34.37663650512695,-5.898191928863525,4,479.1666666666667
2022-01-24 09:41:30,34.3765983581543,-5.898219108581543,1,482.5
2022-01-24 09:41:36,34.3765869140625,-5.898224830627441,0,488.3333333333333
2022-01-24 09:41:42,34.37657928466797,-5.898230075836182,0,491.6666666666666
2022-01-24 09:41:48,34.37656021118164,-5.898242950439453,2,495.0
2022-01-24 09:41:54,34.37654495239258,-5.898255825042725,0,502.5
2022-01-24 09:42:00,34.37653350830078,-5.898262023925781,0,505.8333333333333
2022-01-24 09:42:06,34.37653732299805,-5.898260116577148,2,510.8333333333333
2022-01-24 09:42:12,34.37651824951172,-5.89827299118042,3,514.1666666666666
2022-01-24 09:42:18,34.37648010253906,-5.89829683303833,3,515.8333333333333
2022-01-24 09:42:24,34.37643814086914,-5.898315906524658,2,523.3333333333333
2022-01-24 09:42:30,34.376373291015625,-5.898342132568359,4,525.0
2022-01-24 09:42:36,34.37632369995117,-5.898362159729004,3,533.3333333333333
2022-01-24 09:42:42,34.376251220703125,-5.898373126983643,5,539.1666666666666
2022-01-24 09:42:48,34.376197814941406,-5.898379802703857,2,541.6666666666666
2022-01-24 09:42:54,34.37617111206055,-5.898381233215332,0,547.5
2022-01-24 09:43:00,34.376163482666016,-5.898382186889648,0,552.5
2022-01-24 09:43:06,34.37617111206055,-5.898381233215332,4,557.5
2022-01-24 09:43:12,34.3761100769043,-5.898385047912598,3,560.8333333333333
2022-01-24 09:43:18,34.37606430053711,-5.898382186889648,2,566.6666666666665
2022-01-24 09:43:24,34.376007080078125,-5.898383140563965,4,570.8333333333333
2022-01-24 09:43:30,34.376007080078125,-5.898385047912598,3,574.1666666666665
2022-01-24 09:43:36,34.37596130371094,-5.898378849029541,4,582.5
2022-01-24 09:43:42,34.37590408325195,-5.898373126983643,3,587.5
2022-01-24 09:43:48,34.37582778930664,-5.89835786819458,6,590.0
2022-01-24 09:43:54,34.375755310058594,-5.898348808288574,3,599.1666666666666
2022-01-24 09:44:00,34.37570571899414,-5.8983330726623535,3,601.6666666666666
2022-01-24 09:44:06,34.37569808959961,-5.898330211639404,3,605.8333333333333
2022-01-24 09:44:12,34.375675201416016,-5.898326873779297,4,611.6666666666666
2022-01-24 09:44:18,34.37563705444336,-5.898320198059082,0,615.0
2022-01-24 09:44:24,34.37567901611328,-5.898323059082031,4,620.0
2022-01-24 09:44:30,34.37562942504883,-5.898315906524658,3,625.8333333333334
2022-01-24 09:44:36,34.37560272216797,-5.898313999176025,0,629.1666666666666
2022-01-24 09:44:42,34.37559509277344,-5.898313999176025,0,634.1666666666666
2022-01-24 09:44:48,34.37562561035156,-5.898313999176025,3,639.1666666666666
2022-01-24 09:44:54,34.375545501708984,-5.898317813873291,5,642.5
2022-01-24 09:45:00,34.375492095947266,-5.898320198059082,2,646.6666666666666
2022-01-24 09:45:06,34.37544631958008,-5.898317813873291,1,650.0
2022-01-24 09:45:12,34.37541580200195,-5.898316860198975,2,660.8333333333333
2022-01-24 09:45:18,34.3753776550293,-5.898326873779297,1,664.1666666666666
2022-01-24 09:45:24,34.3753662109375,-5.898331165313721,0,668.3333333333333
2022-01-24 09:45:30,34.37535858154297,-5.898332118988037,0,674.1666666666666
2022-01-24 09:45:36,34.37538528442383,-5.898331165313721,2,677.4999999999999
2022-01-24 09:45:42,34.375343322753906,-5.898335933685303,1,682.4999999999999
2022-01-24 09:45:48,34.37533187866211,-5.898334980010986,0,686.6666666666666
2022-01-24 09:45:54,34.375335693359375,-5.89833402633667,2,692.4999999999999
2022-01-24 09:46:00,34.3753547668457,-5.89832878112793,0,697.5
2022-01-24 09:46:06,34.37532424926758,-5.898337841033936,0,700.8333333333333
2022-01-24 09:46:12,34.375328063964844,-5.898336887359619,1,705.8333333333333
2022-01-24 09:46:18,34.37535858154297,-5.898324966430664,1,710.0
2022-01-24 09:46:24,34.37533187866211,-5.898335933685303,3,715.0
2022-01-24 09:46:30,34.375301361083984,-5.898344993591309,1,717.5
2022-01-24 09:46:36,34.375301361083984,-5.898344039916992,1,724.1666666666667
2022-01-24 09:46:42,34.37533187866211,-5.898337841033936,1,728.3333333333334
2022-01-24 09:46:48,34.37528610229492,-5.898349761962891,1,730.8333333333333
2022-01-24 09:46:54,34.375274658203125,-5.898351192474365,0,733.3333333333333
2022-01-24 09:47:00,34.37527084350586,-5.898353099822998,0,735.0
2022-01-24 09:47:06,34.37527084350586,-5.8983540534973145,0,745.0
2022-01-24 09:47:12,34.37527084350586,-5.8983540534973145,0,750.0
2022-01-24 09:47:18,34.37527084350586,-5.8983540534973145,0,753.3333333333333
2022-01-24 09:47:24,34.37527084350586,-5.8983540534973145,0,758.3333333333333
2022-01-24 09:47:30,34.37527084350586,-5.8983540534973145,0,762.5
2022-01-24 09:47:36,34.37527084350586,-5.8983540534973145,0,766.6666666666667
2022-01-24 09:47:42,34.37527084350586,-5.8983540534973145,0,770.0
2022-01-24 09:47:48,34.37527084350586,-5.8983540534973145,0,774.1666666666667
2022-01-24 09:47:54,34.37527084350586,-5.8983540534973145,0,778.3333333333334
2022-01-24 09:48:00,34.37527084350586,-5.8983540534973145,0,785.0
2022-01-24 09:48:06,34.37527084350586,-5.8983540534973145,0,790.0
2022-01-24 09:48:12,34.37527084350586,-5.8983540534973145,0,793.3333333333334
2022-01-24 09:48:18,34.37527084350586,-5.8983540534973145,0,797.5
2022-01-24 09:48:24,34.37527084350586,-5.8983540534973145,0,802.5
2022-01-24 09:48:30,34.37527084350586,-5.8983540534973145,0,805.8333333333334
2022-01-24 09:48:36,34.375057220458984,-5.898583889007568,8,811.6666666666667
2022-01-24 09:48:42,34.375,-5.898715972900391,8,814.1666666666667
2022-01-24 09:48:48,34.37500762939453,-5.898862838745117,8,819.1666666666667
2022-01-24 09:48:54,34.375030517578125,-5.898987770080566,5,820.8333333333334
2022-01-24 09:49:00,34.37508010864258,-5.899051189422607,4,824.1666666666667
2022-01-24 09:49:06,34.375152587890625,-5.899051189422607,4,825.0
2022-01-24 09:49:12,34.37517166137695,-5.89905309677124,0,825.8333333333333
2022-01-24 09:49:18,34.37520980834961,-5.899058818817139,2,826.6666666666666
2022-01-24 09:49:24,34.37522506713867,-5.8990631103515625,0,827.5
2022-01-24 09:49:30,34.37522506713867,-5.899056911468506,0,828.3333333333333
2022-01-24 09:49:36,34.37522506713867,-5.899056911468506,0,829.1666666666665
2022-01-24 09:49:42,34.37522506713867,-5.899056911468506,0,829.9999999999999
2022-01-24 09:49:48,34.37522506713867,-5.899056911468506,0,830.8333333333333
2022-01-24 09:49:54,34.37522506713867,-5.899056911468506,0,831.6666666666665
2022-01-24 09:50:00,34.37522506713867,-5.899056911468506,0,832.5
2022-01-24 09:50:06,34.37522506713867,-5.899056911468506,0,833.3333333333333
2022-01-24 09:50:12,34.37522506713867,-5.899056911468506,0,834.1666666666666
2022-01-24 09:50:18,34.37522506713867,-5.899056911468506,0,835.0
2022-01-24 09:50:24,34.37522506713867,-5.899056911468506,0,835.8333333333333
2022-01-24 09:50:30,34.37541580200195,-5.899093151092529,8,838.3333333333333
2022-01-24 09:50:36,34.37555313110352,-5.899127006530762,8,840.0
2022-01-24 09:50:42,34.37568664550781,-5.899144172668457,8,840.8333333333333
2022-01-24 09:50:48,34.375823974609375,-5.899149894714356,8,843.3333333333334
2022-01-24 09:50:54,34.376094818115234,-5.899150848388672,8,844.1666666666667
2022-01-24 09:51:00,34.3762321472168,-5.899156093597412,9,847.5
2022-01-24 09:51:06,34.376373291015625,-5.899158000946045,9,849.1666666666667
2022-01-24 09:51:12,34.37651443481445,-5.8991570472717285,9,850.0
2022-01-24 09:51:18,34.376651763916016,-5.899159908294678,9,852.5
2022-01-24 09:51:24,34.376792907714844,-5.899159908294678,9,853.3333333333334
2022-01-24 09:51:30,34.37693405151367,-5.899158954620361,9,855.0
2022-01-24 09:51:36,34.3770751953125,-5.899156093597412,9,855.8333333333334
2022-01-24 09:51:42,34.37721252441406,-5.8991570472717285,9,858.3333333333334
2022-01-24 09:51:48,34.37735366821289,-5.899164199829102,9,859.1666666666667
2022-01-24 09:51:54,34.37749481201172,-5.899164199829102,10,860.0
2022-01-24 09:52:00,34.377662658691406,-5.899164199829102,11,862.5
2022-01-24 09:52:06,34.37782669067383,-5.899165153503418,11,865.0
2022-01-24 09:52:12,34.378173828125,-5.899158954620361,11,867.5
2022-01-24 09:52:18,34.378265380859375,-5.899273872375488,9,869.1666666666667
2022-01-24 09:52:24,34.37826156616211,-5.899460792541504,10,871.6666666666666
2022-01-24 09:52:30,34.37826919555664,-5.899658203125,11,874.1666666666666
2022-01-24 09:52:36,34.37827682495117,-5.899862766265869,11,875.8333333333333
2022-01-24 09:52:42,34.37828063964844,-5.90009880065918,12,877.5
2022-01-24 09:52:48,34.378273010253906,-5.900339126586914,12,879.1666666666667
2022-01-24 09:52:54,34.378265380859375,-5.900576114654541,13,880.8333333333334
2022-01-24 09:53:00,34.37826156616211,-5.900784969329834,10,883.3333333333334
2022-01-24 09:53:06,34.37826919555664,-5.900990009307861,11,884.1666666666667
2022-01-24 09:53:12,34.37826919555664,-5.901197910308838,12,885.8333333333334
2022-01-24 09:53:18,34.378273010253906,-5.901424884796143,12,887.5
2022-01-24 09:53:24,34.37827682495117,-5.901655197143555,12,890.0
2022-01-24 09:53:30,34.37827682495117,-5.901885032653809,12,890.8333333333334
2022-01-24 09:53:36,34.378292083740234,-5.902111053466797,12,893.3333333333334
2022-01-24 09:53:42,34.378360748291016,-5.902306079864502,12,895.0
2022-01-24 09:53:48,34.37844467163086,-5.902495861053467,12,896.6666666666666
2022-01-24 09:53:54,34.37853240966797,-5.902690887451172,12,897.5
2022-01-24 09:54:00,34.37882614135742,-5.903334140777588,13,899.1666666666666
2022-01-24 09:54:06,34.378929138183594,-5.903556823730469,13,900.8333333333331
2022-01-24 09:54:12,34.3790283203125,-5.903779029846191,13,905.8333333333331
2022-01-24 09:54:18,34.37913131713867,-5.903994083404541,14,909.1666666666666
2022-01-24 09:54:24,34.379234313964844,-5.90421199798584,14,911.6666666666666
2022-01-24 09:54:30,34.379337310791016,-5.904429912567139,13,913.3333333333331
2022-01-24 09:54:36,34.37943649291992,-5.904644012451172,13,915.0
2022-01-24 09:54:42,34.37953567504883,-5.904862880706787,13,916.6666666666666
2022-01-24 09:54:48,34.37962341308594,-5.905066013336182,12,917.5
2022-01-24 09:54:54,34.37970352172852,-5.905238151550293,10,918.3333333333331
2022-01-24 09:55:00,34.37977600097656,-5.905396938323975,9,920.0
2022-01-24 09:55:06,34.379859924316406,-5.90550708770752,7,921.6666666666666
2022-01-24 09:55:12,34.37983703613281,-5.905579090118408,2,922.5
2022-01-24 09:55:18,34.37981033325195,-5.905595779418945,2,923.3333333333331
2022-01-24 09:55:24,34.37979507446289,-5.905612945556641,0,924.1666666666666
2022-01-24 09:55:30,34.37979507446289,-5.905612945556641,0,925.0
2022-01-24 09:55:36,34.37979507446289,-5.905612945556641,0,925.8333333333331
2022-01-24 09:55:42,34.379669189453125,-5.905739784240723,8,926.6666666666666
2022-01-24 09:55:48,34.37956237792969,-5.905820846557617,8,927.5
2022-01-24 09:55:54,34.37944412231445,-5.9059038162231445,9,928.3333333333331
2022-01-24 09:56:00,34.37930679321289,-5.906002044677734,10,929.1666666666666
2022-01-24 09:56:06,34.3790283203125,-5.906190872192383,10,930.0
2022-01-24 09:56:12,34.3788948059082,-5.906284809112549,10,932.5
2022-01-24 09:56:18,34.37875747680664,-5.906379222869873,10,933.3333333333334
2022-01-24 09:56:24,34.37862777709961,-5.906470775604248,9,935.0
2022-01-24 09:56:30,34.37849807739258,-5.906558990478516,9,936.6666666666666
2022-01-24 09:56:36,34.37836837768555,-5.906643867492676,9,937.5
2022-01-24 09:56:42,34.37824630737305,-5.906732082366943,9,938.3333333333334
2022-01-24 09:56:48,34.37812805175781,-5.906816005706787,8,939.1666666666666
2022-01-24 09:56:54,34.378013610839844,-5.906888008117676,8,940.8333333333334
2022-01-24 09:57:00,34.37777328491211,-5.907042980194092,9,942.5
2022-01-24 09:57:06,34.377662658691406,-5.907124042510986,8,943.3333333333334
2022-01-24 09:57:12,34.37754821777344,-5.907196998596191,8,944.1666666666666
2022-01-24 09:57:18,34.37743377685547,-5.907270908355713,8,945.0
2022-01-24 09:57:24,34.37720489501953,-5.907422065734863,8,946.6666666666666
2022-01-24 09:57:30,34.37697219848633,-5.907571792602539,8,947.5
2022-01-24 09:57:36,34.37678909301758,-5.907691955566406,4,949.1666666666666
2022-01-24 09:57:42,34.3767204284668,-5.907725811004639,5,950.0
2022-01-24 09:57:48,34.376678466796875,-5.907752990722656,0,950.8333333333331
2022-01-24 09:57:54,34.376678466796875,-5.907764911651611,0,951.6666666666666
2022-01-24 09:58:00,34.376678466796875,-5.907764911651611,0,953.1666666666666
2022-01-24 09:58:06,34.376678466796875,-5.907764911651611,0,954.0
