Latitude,Longitude
34.365856,-5.916382
34.367756,-5.915851
34.368703,-5.915574
34.369184,-5.915432
34.369653,-5.915293
34.369682,-5.915463
34.369749,-5.915731
34.36983,-5.916041
34.369874,-5.916325
34.369852,-5.91684
34.369788,-5.917372
34.369565,-5.918257
34.369427,-5.9186
34.369266,-5.918954
34.368991,-5.919418
34.368708,-5.919804
34.368411,-5.920123
34.368077,-5.920424
34.367534,-5.920762
34.36699,-5.921038
34.366713,-5.921121
34.366454,-5.921175
34.365823,-5.921218
34.365411,-5.92118
34.364993,-5.921113
34.364788,-5.921069
34.365856,-5.916382
