ID,Debut,Fin,Machine,Puissance,Outil,Largeur,Parcelle,Operation,Consommation (L)
284530,2024-05-07 08:40:02,2024-05-07 10:38:44,LANDINI LANDPOWER135 ,134,STUBBLE PLOW 16D ATMAR,2.4,54041,Travaux du sol,7.35
284454,2024-05-06 13:50:23,2024-05-06 17:00:53,LANDINI LANDPOWER135 ,134,STUBBLE PLOW 16D ATMAR,2.4,54041,Travaux du sol,12.098333333333334
283718,2024-04-30 11:20:31,2024-04-30 16:18:37,LANDINI LANDPOWER135 ,134,STUBBLE PLOW 16D ATMAR,2.4,54041,Travaux du sol,19.556666666666665
283288,2024-04-27 10:41:04,2024-04-27 11:27:22,LANDINI LANDPOWER135 ,134,STUBBLE PLOW 16D ATMAR,2.4,54051,Travaux du sol,2.6166666666666667
282399,2024-04-21 10:23:56,2024-04-21 11:18:50,LANDINI LANDPOWER135 ,134,STUBBLE PLOW 16D ATMAR,2.4,54012,Travaux du sol,3.815
224551,2023-04-04 08:57:58,2023-04-04 09:08:46,JOHN DEERE 6195,195,STUBBLE PLOW 16D ATMAR,2.4,54071-74,Travaux du sol,0.6775000000000001
224328,2023-04-03 09:43:56,2023-04-03 09:55:26,JOHN DEERE 6195,195,STUBBLE PLOW 16D ATMAR,2.4,54071-74,Travaux du sol,0.7066666666666668
223552,2023-03-30 13:04:52,2023-03-30 13:08:52,JOHN DEERE 6195,195,STUBBLE PLOW 16D ATMAR,2.4,54031,Travaux du sol,0.4166666666666667
223040,2023-03-28 09:53:16,2023-03-28 10:00:10,JOHN DEERE 6195,195,STUBBLE PLOW 16D ATMAR,2.4,54052,Travaux du sol,0.5083333333333334
222835,2023-03-27 09:18:40,2023-03-27 09:25:46,JOHN DEERE 6195,195,STUBBLE PLOW 16D ATMAR,2.4,54052,Travaux du sol,0.58
222584,2023-03-25 09:02:59,2023-03-25 09:37:53,JOHN DEERE 6195,195,STUBBLE PLOW 16D ATMAR,2.4,54053,Travaux du sol,2.325833333333333
222215,2023-03-23 10:26:05,2023-03-23 10:29:17,JOHN DEERE 6195,195,STUBBLE PLOW 16D ATMAR,2.4,54051,Travaux du sol,0.24
221043,2023-03-18 09:05:04,2023-03-18 09:19:04,JOHN DEERE 6195,195,STUBBLE PLOW 16D ATMAR,2.4,54051,Travaux du sol,1.1166666666666665
220377,2023-03-15 13:46:10,2023-03-15 13:48:04,JOHN DEERE 6195,195,STUBBLE PLOW 16D ATMAR,2.4,54054,Travaux du sol,0.2133333333333333
220192,2023-03-15 09:11:16,2023-03-15 09:15:16,JOHN DEERE 6195,195,STUBBLE PLOW 16D ATMAR,2.4,54054,Travaux du sol,0.4233333333333333
216287,2023-02-23 09:14:14,2023-02-23 09:17:50,JOHN DEERE 6195,195,STUBBLE PLOW 16D ATMAR,2.4,54032,Travaux du sol,0.3283333333333333
215398,2023-02-18 08:46:33,2023-02-18 08:52:09,JOHN DEERE 6195,195,STUBBLE PLOW 16D ATMAR,2.4,54043,Travaux du sol,0.3841666666666667
215302,2023-02-17 09:25:02,2023-02-17 09:29:44,JOHN DEERE 6195,195,STUBBLE PLOW 16D ATMAR,2.4,54043,Travaux du sol,0.3291666666666666
191715,2022-10-17 13:51:43,2022-10-17 14:06:07,LANDINI LANDPOWER135 ,134,Cover crop 28 D,3.2,P54042,Travaux du sol,0.7333333333333334
183264,2022-09-04 08:35:25,2022-09-04 10:33:37,LANDINI LANDPOWER135 ,134,STUBBLE PLOW 16D ATMAR,2.4,54052,Travaux du sol,6.636666666666666
183189,2022-09-03 11:45:53,2022-09-03 12:57:23,LANDINI LANDPOWER135 ,134,STUBBLE PLOW 16D ATMAR,2.4,54052,Travaux du sol,3.6925
173740,2022-07-19 14:52:47,2022-07-19 20:24:59,LANDINI LANDPOWER135 ,134,STUBBLE PLOW 16D ATMAR,2.4,42030,Travaux du sol,18.578333333333333
152941,2022-05-10 13:48:08,2022-05-10 16:14:08,JOHN DEERE 6195,195,STUBBLE PLOW 32D QUIVOGNE,3.5,54051,Travaux du sol,11.613333333333332
152751,2022-05-10 08:41:22,2022-05-10 11:18:58,JOHN DEERE 6195,195,STUBBLE PLOW 32D QUIVOGNE,3.5,54051,Travaux du sol,12.015
152437,2022-05-09 13:19:34,2022-05-09 15:56:40,JOHN DEERE 6195,195,STUBBLE PLOW 32D QUIVOGNE,3.5,54072-73,Travaux du sol,12.672
152233,2022-05-09 08:30:37,2022-05-09 11:25:55,JOHN DEERE 6195,195,STUBBLE PLOW 32D QUIVOGNE,3.5,54072-73,Travaux du sol,15.064166666666669
151545,2022-05-06 13:06:08,2022-05-06 15:42:20,JOHN DEERE 6195,195,STUBBLE PLOW 32D QUIVOGNE,3.5,54033,Travaux du sol,12.51
151515,2022-05-06 11:21:21,2022-05-06 11:53:09,JOHN DEERE 6195,195,STUBBLE PLOW 32D QUIVOGNE,3.5,54033,Travaux du sol,1.9091666666666665
149982,2022-04-30 11:05:21,2022-04-30 13:48:09,JOHN DEERE 6195,195,STUBBLE PLOW 32D QUIVOGNE,3.5,54052,Travaux du sol,13.745
149851,2022-04-30 08:42:51,2022-04-30 10:39:57,JOHN DEERE 6195,195,STUBBLE PLOW 32D QUIVOGNE,3.5,54043,Travaux du sol,10.260833333333332
149551,2022-04-29 08:25:34,2022-04-29 13:13:10,JOHN DEERE 6195,195,STUBBLE PLOW 32D QUIVOGNE,3.5,54043,Travaux du sol,23.2675
149419,2022-04-28 13:14:57,2022-04-28 14:13:21,JOHN DEERE 6195,195,STUBBLE PLOW 32D QUIVOGNE,3.5,54043,Travaux du sol,5.600833333333333
149237,2022-04-28 10:04:56,2022-04-28 12:23:08,JOHN DEERE 6195,195,STUBBLE PLOW 32D QUIVOGNE,3.5,54043,Travaux du sol,10.550833333333332
149158,2022-04-28 08:39:38,2022-04-28 09:32:32,JOHN DEERE 6195,195,STUBBLE PLOW 32D QUIVOGNE,3.5,54071-74,Travaux du sol,4.916666666666667
137560,2022-03-26 16:43:41,2022-03-26 16:49:29,LANDINI GLOBALFARM 100 ,93,Pulvérisateur Caruel 2500L,24.0,54041,Traitements phytosanitaires,0.0783333333333333
136221,2022-03-22 13:34:17,2022-03-22 13:47:23,LANDINI GLOBALFARM 100 ,93,Pulvérisateur Caruel 2500L,24.0,54041,Traitements phytosanitaires,0.1513333333333333
135307,2022-03-20 08:59:58,2022-03-20 09:04:34,LANDINI GLOBALFARM 100 ,93,Pulvérisateur Caruel 2500L,24.0,51020,Traitements phytosanitaires,0.05
134006,2022-03-12 13:15:10,2022-03-12 13:36:16,LANDINI GLOBALFARM 100 ,93,Pulvérisateur Caruel 2500L,24.0,46010,Traitements phytosanitaires,0.3258333333333333
133945,2022-03-12 11:38:10,2022-03-12 12:13:10,LANDINI GLOBALFARM 100 ,93,Pulvérisateur Caruel 2500L,24.0,46010,Traitements phytosanitaires,0.6053333333333334
133807,2022-03-11 16:04:57,2022-03-11 16:27:15,LANDINI GLOBALFARM 100 ,93,Pulvérisateur Caruel 2500L,24.0,54012,Traitements phytosanitaires,0.3663333333333333
133789,2022-03-11 15:34:33,2022-03-11 15:49:21,LANDINI GLOBALFARM 100 ,93,Pulvérisateur Caruel 2500L,24.0,54022,Traitements phytosanitaires,0.2908333333333334
133741,2022-03-11 14:04:57,2022-03-11 14:31:57,LANDINI GLOBALFARM 100 ,93,Pulvérisateur Caruel 2500L,24.0,54081,Traitements phytosanitaires,0.5525
133681,2022-03-11 11:25:57,2022-03-11 11:36:51,LANDINI GLOBALFARM 100 ,93,Pulvérisateur Caruel 2500L,24.0,54081,Traitements phytosanitaires,0.133
133645,2022-03-11 10:50:57,2022-03-11 11:09:51,LANDINI GLOBALFARM 100 ,93,Pulvérisateur Caruel 2500L,24.0,54082,Traitements phytosanitaires,0.3575
133625,2022-03-11 10:39:21,2022-03-11 10:47:45,LANDINI GLOBALFARM 100 ,93,Pulvérisateur Caruel 2500L,24.0,54081,Traitements phytosanitaires,0.1666666666666666
131884,2022-03-05 14:00:46,2022-03-05 15:10:34,JOHN DEERE 6195,195,STUBBLE PLOW 32D QUIVOGNE,3.5,54052,Travaux du sol,4.700833333333334
131504,2022-03-04 12:13:15,2022-03-04 13:24:51,JOHN DEERE 6195,195,SEMOIR COMBINE LEMKEN,3.0,P54042,Semis,2.648333333333333
131330,2022-03-03 15:53:36,2022-03-03 16:01:48,LANDINI GLOBALFARM 100 ,93,Pulvérisateur Caruel 2500L,24.0,54013-1,Traitements phytosanitaires,0.0849999999999999
131322,2022-03-03 15:32:36,2022-03-03 15:40:36,LANDINI GLOBALFARM 100 ,93,Pulvérisateur Caruel 2500L,24.0,P54042,Traitements phytosanitaires,0.0783333333333333
131290,2022-03-03 14:49:18,2022-03-03 15:02:12,LANDINI GLOBALFARM 100 ,93,Pulvérisateur Caruel 2500L,24.0,P54042,Traitements phytosanitaires,0.1756666666666666
131069,2022-03-03 09:13:30,2022-03-03 10:26:24,JOHN DEERE 6195,195,STUBBLE PLOW 32D QUIVOGNE,3.5,54053,Travaux du sol,5.371666666666666
130849,2022-03-02 13:38:58,2022-03-02 15:23:40,JOHN DEERE 6195,195,STUBBLE PLOW 32D QUIVOGNE,3.5,54053,Travaux du sol,7.875833333333334
130709,2022-03-02 09:24:10,2022-03-02 10:42:28,JOHN DEERE 6195,195,STUBBLE PLOW 32D QUIVOGNE,3.5,54053,Travaux du sol,5.964166666666666
130576,2022-03-01 15:46:59,2022-03-01 16:14:59,JOHN DEERE 6195,195,STUBBLE PLOW 32D QUIVOGNE,3.5,54053,Travaux du sol,2.495
130373,2022-03-01 10:28:33,2022-03-01 11:02:51,JOHN DEERE 6195,195,STUBBLE PLOW 32D QUIVOGNE,3.5,54053,Travaux du sol,3.115
130368,2022-03-01 10:17:41,2022-03-01 10:31:41,LANDINI GLOBALFARM 100 ,93,Pulvérisateur Caruel 2500L,24.0,42030,Traitements phytosanitaires,0.2368333333333333
129857,2022-02-27 10:55:01,2022-02-27 11:06:55,LANDINI GLOBALFARM 100 ,93,Pulvérisateur Caruel 2500L,24.0,54031,Traitements phytosanitaires,0.118
129660,2022-02-26 13:37:34,2022-02-26 15:25:52,JOHN DEERE 6195,195,STUBBLE PLOW 32D QUIVOGNE,3.5,54032,Travaux du sol,7.6875
129466,2022-02-26 08:54:00,2022-02-26 10:35:48,JOHN DEERE 6195,195,STUBBLE PLOW 32D QUIVOGNE,3.5,54032,Travaux du sol,7.804166666666666
129434,2022-02-26 08:13:04,2022-02-26 09:41:40,LANDINI LANDPOWER135 ,134,Cover crop 28 D,3.2,43010,Travaux du sol,4.513333333333333
129351,2022-02-25 11:48:35,2022-02-25 11:51:11,LANDINI GLOBALFARM 100 ,93,Pulvérisateur Caruel 2500L,24.0,43010,Traitements phytosanitaires,0.033
129224,2022-02-24 15:59:29,2022-02-24 16:05:41,LANDINI GLOBALFARM 100 ,93,Pulvérisateur Caruel 2500L,24.0,54031,Traitements phytosanitaires,0.065
129216,2022-02-24 15:41:59,2022-02-24 15:53:35,LANDINI GLOBALFARM 100 ,93,Pulvérisateur Caruel 2500L,24.0,54012,Traitements phytosanitaires,0.1791666666666666
129214,2022-02-24 15:36:05,2022-02-24 15:41:17,LANDINI GLOBALFARM 100 ,93,Pulvérisateur Caruel 2500L,24.0,54031,Traitements phytosanitaires,0.0775
129149,2022-02-24 14:16:10,2022-02-24 15:40:22,JOHN DEERE 6195,195,STUBBLE PLOW 32D QUIVOGNE,3.5,54032,Travaux du sol,5.865833333333334
128999,2022-02-24 08:27:56,2022-02-24 09:37:50,LANDINI LANDPOWER135 ,134,STUBBLE PLOW 16D ATMAR,2.4,54051,Travaux du sol,3.7875
128947,2022-02-23 15:03:00,2022-02-23 15:19:48,LANDINI GLOBALFARM 100 ,93,Pulvérisateur Caruel 2500L,24.0,54022,Traitements phytosanitaires,0.2756666666666666
128920,2022-02-23 13:46:26,2022-02-23 15:26:02,JOHN DEERE 6195,195,STUBBLE PLOW 32D QUIVOGNE,3.5,54041,Travaux du sol,7.1225
128827,2022-02-23 10:32:18,2022-02-23 11:06:54,LANDINI GLOBALFARM 100 ,93,Pulvérisateur Caruel 2500L,24.0,54060,Traitements phytosanitaires,0.4111666666666666
128772,2022-02-23 09:17:42,2022-02-23 10:08:00,LANDINI GLOBALFARM 100 ,93,Pulvérisateur Caruel 2500L,24.0,54072-73,Traitements phytosanitaires,0.5748333333333335
128686,2022-02-22 13:36:07,2022-02-22 14:26:31,LANDINI LANDPOWER135 ,134,STUBBLE PLOW 16D ATMAR,2.4,51020,Travaux du sol,3.225
128466,2022-02-22 08:43:52,2022-02-22 08:49:28,LANDINI GLOBALFARM 100 ,93,Pulvérisateur Caruel 2500L,24.0,P54042,Traitements phytosanitaires,0.0838333333333333
128159,2022-02-21 08:55:10,2022-02-21 11:40:10,JOHN DEERE 6195,195,STUBBLE PLOW 32D QUIVOGNE,3.5,54033,Travaux du sol,12.754166666666668
128091,2022-02-20 14:51:22,2022-02-20 14:57:58,LANDINI GLOBALFARM 100 ,93,Pulvérisateur Caruel 2500L,24.0,54041,Traitements phytosanitaires,0.0633333333333333
127878,2022-02-19 13:26:35,2022-02-19 14:43:17,JOHN DEERE 6195,195,STUBBLE PLOW 32D QUIVOGNE,3.5,54031,Travaux du sol,5.625
127958,2022-02-19 11:32:49,2022-02-19 11:40:43,LANDINI GLOBALFARM 100 ,93,Pulvérisateur Caruel 2500L,24.0,54072-73,Traitements phytosanitaires,0.1013333333333333
127623,2022-02-19 08:42:30,2022-02-19 11:41:42,JOHN DEERE 6195,195,STUBBLE PLOW 32D QUIVOGNE,3.5,54033,Travaux du sol,13.769166666666669
127504,2022-02-18 13:43:59,2022-02-18 15:48:59,LANDINI LANDPOWER135 ,134,STUBBLE PLOW 16D ATMAR,2.4,52010,Travaux du sol,7.867
127394,2022-02-18 09:39:54,2022-02-18 09:45:18,LANDINI GLOBALFARM 100 ,93,Pulvérisateur Caruel 2500L,24.0,46010,Traitements phytosanitaires,0.0491666666666666
127364,2022-02-18 08:57:16,2022-02-18 11:49:22,JOHN DEERE 6195,195,STUBBLE PLOW 32D QUIVOGNE,3.5,54031,Travaux du sol,13.404166666666669
127258,2022-02-17 13:10:26,2022-02-17 15:55:38,LANDINI LANDPOWER135 ,134,STUBBLE PLOW 16D ATMAR,2.4,52010,Travaux du sol,10.194833333333332
127166,2022-02-17 09:32:59,2022-02-17 11:45:23,JOHN DEERE 6195,195,STUBBLE PLOW 32D QUIVOGNE,3.5,54031,Travaux du sol,9.39
127251,2022-02-16 16:14:26,2022-02-16 16:23:38,LANDINI GLOBALFARM 100 ,93,Pulvérisateur Caruel 2500L,24.0,43010,Traitements phytosanitaires,0.2023333333333333
127068,2022-02-16 15:45:27,2022-02-16 16:31:15,LANDINI LANDPOWER135 ,134,STUBBLE PLOW 16D ATMAR,2.4,52010,Travaux du sol,2.8833333333333333
127246,2022-02-16 15:29:38,2022-02-16 16:02:32,LANDINI GLOBALFARM 100 ,93,Pulvérisateur Caruel 2500L,24.0,54081,Traitements phytosanitaires,0.5275
127241,2022-02-16 14:36:32,2022-02-16 14:54:02,LANDINI GLOBALFARM 100 ,93,Pulvérisateur Caruel 2500L,24.0,54013-2,Traitements phytosanitaires,0.3695
127237,2022-02-16 14:19:44,2022-02-16 14:33:56,LANDINI GLOBALFARM 100 ,93,Pulvérisateur Caruel 2500L,24.0,P54042,Traitements phytosanitaires,0.2074999999999999
127030,2022-02-16 13:22:17,2022-02-16 13:54:23,JOHN DEERE 6195,195,STUBBLE PLOW 32D QUIVOGNE,3.5,P54042,Travaux du sol,2.630833333333333
126893,2022-02-16 08:53:17,2022-02-16 11:50:11,JOHN DEERE 6195,195,STUBBLE PLOW 32D QUIVOGNE,3.5,P54042,Travaux du sol,9.12
126657,2022-02-15 10:04:37,2022-02-15 11:38:43,LANDINI LANDPOWER135 ,134,STUBBLE PLOW 16D ATMAR,2.4,54071-74,Travaux du sol,6.220833333333334
126609,2022-02-15 09:03:04,2022-02-15 11:38:16,JOHN DEERE 6195,195,STUBBLE PLOW 32D QUIVOGNE,3.5,P54042,Travaux du sol,10.858333333333333
126602,2022-02-15 08:58:37,2022-02-15 09:46:25,LANDINI LANDPOWER135 ,134,STUBBLE PLOW 16D ATMAR,2.4,54071-74,Travaux du sol,2.998333333333333
126437,2022-02-14 09:45:19,2022-02-14 10:27:25,LANDINI GLOBALFARM 100 ,93,Pulvérisateur Caruel 2500L,24.0,P54042,Traitements phytosanitaires,0.5553333333333333
126313,2022-02-13 11:49:59,2022-02-13 11:55:17,LANDINI GLOBALFARM 100 ,93,Pulvérisateur Caruel 2500L,24.0,P54042,Traitements phytosanitaires,0.0535
126308,2022-02-13 11:41:05,2022-02-13 11:52:17,LANDINI GLOBALFARM 100 ,93,Pulvérisateur Caruel 2500L,24.0,54012,Traitements phytosanitaires,0.1351666666666666
126290,2022-02-13 11:05:23,2022-02-13 11:15:59,LANDINI GLOBALFARM 100 ,93,Pulvérisateur Caruel 2500L,24.0,P54042,Traitements phytosanitaires,0.1066666666666666
126279,2022-02-13 10:35:53,2022-02-13 10:49:35,LANDINI GLOBALFARM 100 ,93,Pulvérisateur Caruel 2500L,24.0,P54042,Traitements phytosanitaires,0.1285
126197,2022-02-12 14:43:12,2022-02-12 14:52:48,LANDINI GLOBALFARM 100 ,93,Pulvérisateur Caruel 2500L,24.0,43010,Traitements phytosanitaires,0.1613333333333333
126079,2022-02-12 10:50:58,2022-02-12 11:52:22,LANDINI LANDPOWER135 ,134,STUBBLE PLOW 16D ATMAR,2.4,54072-73,Travaux du sol,4.151666666666666
125818,2022-02-10 15:04:55,2022-02-10 15:12:49,LANDINI GLOBALFARM 100 ,93,Pulvérisateur Caruel 2500L,24.0,P54042,Traitements phytosanitaires,0.0753333333333333
125813,2022-02-10 14:56:07,2022-02-10 15:04:49,LANDINI GLOBALFARM 100 ,93,Pulvérisateur Caruel 2500L,24.0,54012,Traitements phytosanitaires,0.095
125793,2022-02-10 13:56:49,2022-02-10 14:07:07,LANDINI GLOBALFARM 100 ,93,Pulvérisateur Caruel 2500L,24.0,P54042,Traitements phytosanitaires,0.1091666666666666
125765,2022-02-10 11:18:59,2022-02-10 11:40:23,LANDINI GLOBALFARM 100 ,93,Pulvérisateur Caruel 2500L,24.0,54041,Traitements phytosanitaires,0.2325
125749,2022-02-10 10:45:41,2022-02-10 10:58:59,LANDINI GLOBALFARM 100 ,93,Pulvérisateur Caruel 2500L,24.0,54041,Traitements phytosanitaires,0.164
125580,2022-02-09 12:18:53,2022-02-09 12:27:59,LANDINI GLOBALFARM 100 ,93,Pulvérisateur Caruel 2500L,24.0,54072-73,Traitements phytosanitaires,0.144
125572,2022-02-09 12:02:52,2022-02-09 12:18:16,LANDINI GLOBALFARM 100 ,93,Pulvérisateur Caruel 2500L,24.0,P54042,Traitements phytosanitaires,0.1958333333333333
125488,2022-02-09 09:27:21,2022-02-09 09:37:09,LANDINI GLOBALFARM 100 ,93,Pulvérisateur Caruel 2500L,24.0,54081,Traitements phytosanitaires,0.1506666666666666
125390,2022-02-08 15:55:21,2022-02-08 16:00:15,LANDINI GLOBALFARM 100 ,93,Pulvérisateur Caruel 2500L,24.0,54072-73,Traitements phytosanitaires,0.057
125375,2022-02-08 15:07:57,2022-02-08 15:40:57,LANDINI GLOBALFARM 100 ,93,Pulvérisateur Caruel 2500L,24.0,54060,Traitements phytosanitaires,0.509
125373,2022-02-08 14:54:45,2022-02-08 14:59:03,LANDINI GLOBALFARM 100 ,93,Pulvérisateur Caruel 2500L,24.0,P54042,Traitements phytosanitaires,0.047
125348,2022-02-08 14:02:15,2022-02-08 14:19:57,LANDINI GLOBALFARM 100 ,93,Pulvérisateur Caruel 2500L,24.0,54054,Traitements phytosanitaires,0.2833333333333333
125332,2022-02-08 13:27:39,2022-02-08 13:46:57,LANDINI GLOBALFARM 100 ,93,Pulvérisateur Caruel 2500L,24.0,P54042,Traitements phytosanitaires,0.2396666666666666
125224,2022-02-08 11:00:21,2022-02-08 11:07:27,LANDINI GLOBALFARM 100 ,93,Pulvérisateur Caruel 2500L,24.0,P54042,Traitements phytosanitaires,0.0653333333333333
125217,2022-02-08 10:51:45,2022-02-08 11:02:03,LANDINI GLOBALFARM 100 ,93,Pulvérisateur Caruel 2500L,24.0,54012,Traitements phytosanitaires,0.1075
124824,2022-02-06 16:02:39,2022-02-06 16:18:21,LANDINI GLOBALFARM 100 ,93,Pulvérisateur Caruel 2500L,24.0,54022,Traitements phytosanitaires,0.1833333333333333
124804,2022-02-06 13:52:03,2022-02-06 14:04:51,LANDINI GLOBALFARM 100 ,93,Pulvérisateur Caruel 2500L,24.0,P54042,Traitements phytosanitaires,0.1575
124703,2022-02-05 14:35:12,2022-02-05 14:43:06,LANDINI GLOBALFARM 100 ,93,Pulvérisateur Caruel 2500L,24.0,43010,Traitements phytosanitaires,0.1138333333333333
124702,2022-02-05 14:15:06,2022-02-05 14:40:42,LANDINI GLOBALFARM 100 ,93,Pulvérisateur Caruel 2500L,24.0,43020,Traitements phytosanitaires,0.4196666666666667
124652,2022-02-04 15:34:30,2022-02-04 15:41:42,LANDINI GLOBALFARM 100 ,93,Pulvérisateur Caruel 2500L,24.0,54072-73,Traitements phytosanitaires,0.081
124638,2022-02-04 12:02:24,2022-02-04 12:08:42,LANDINI GLOBALFARM 100 ,93,Pulvérisateur Caruel 2500L,24.0,P54042,Traitements phytosanitaires,0.1015
124329,2022-02-04 10:48:06,2022-02-04 11:24:12,LANDINI GLOBALFARM 100 ,93,Pulvérisateur Caruel 2500L,24.0,54031,Traitements phytosanitaires,0.4856666666666667
124263,2022-02-04 08:56:36,2022-02-04 09:09:30,LANDINI GLOBALFARM 100 ,93,Pulvérisateur Caruel 2500L,24.0,P54042,Traitements phytosanitaires,0.1615
124183,2022-02-03 15:32:30,2022-02-03 16:11:18,LANDINI GLOBALFARM 100 ,93,Pulvérisateur Caruel 2500L,24.0,54012,Traitements phytosanitaires,0.7091666666666666
124177,2022-02-03 15:15:42,2022-02-03 15:26:42,LANDINI GLOBALFARM 100 ,93,Pulvérisateur Caruel 2500L,24.0,54012,Traitements phytosanitaires,0.18
124168,2022-02-03 14:57:48,2022-02-03 15:14:00,LANDINI GLOBALFARM 100 ,93,Pulvérisateur Caruel 2500L,24.0,P54042,Traitements phytosanitaires,0.2075
124128,2022-02-03 12:50:18,2022-02-03 12:57:18,LANDINI GLOBALFARM 100 ,93,Pulvérisateur Caruel 2500L,24.0,P54042,Traitements phytosanitaires,0.0871666666666666
124123,2022-02-03 12:46:12,2022-02-03 12:56:54,LANDINI GLOBALFARM 100 ,93,Pulvérisateur Caruel 2500L,24.0,54031,Traitements phytosanitaires,0.1363333333333333
124118,2022-02-03 12:18:24,2022-02-03 12:48:18,LANDINI GLOBALFARM 100 ,93,Pulvérisateur Caruel 2500L,24.0,54012,Traitements phytosanitaires,0.4933333333333333
124113,2022-02-03 12:05:24,2022-02-03 12:43:30,LANDINI GLOBALFARM 100 ,93,Pulvérisateur Caruel 2500L,24.0,54013-1,Traitements phytosanitaires,0.655
124107,2022-02-03 11:57:36,2022-02-03 12:07:18,LANDINI GLOBALFARM 100 ,93,Pulvérisateur Caruel 2500L,24.0,54012,Traitements phytosanitaires,0.1641666666666666
124101,2022-02-03 11:49:48,2022-02-03 11:58:18,LANDINI GLOBALFARM 100 ,93,Pulvérisateur Caruel 2500L,24.0,54031,Traitements phytosanitaires,0.0916666666666666
123847,2022-02-02 11:47:40,2022-02-02 11:55:28,LANDINI GLOBALFARM 100 ,93,Pulvérisateur Caruel 2500L,24.0,54071-74,Traitements phytosanitaires,0.1099999999999999
123835,2022-02-02 11:23:34,2022-02-02 11:28:16,LANDINI GLOBALFARM 100 ,93,Pulvérisateur Caruel 2500L,24.0,54060,Traitements phytosanitaires,0.0543333333333333
123767,2022-02-02 09:26:17,2022-02-02 09:40:23,LANDINI GLOBALFARM 100 ,93,Pulvérisateur Caruel 2500L,24.0,54060,Traitements phytosanitaires,0.1728333333333333
123575,2022-02-01 12:51:04,2022-02-01 12:59:52,LANDINI GLOBALFARM 100 ,93,Pulvérisateur Caruel 2500L,24.0,54041,Traitements phytosanitaires,0.113
123519,2022-02-01 10:14:07,2022-02-01 10:32:13,LANDINI GLOBALFARM 100 ,93,Pulvérisateur Caruel 2500L,24.0,P54042,Traitements phytosanitaires,0.254
123488,2022-02-01 09:35:49,2022-02-01 10:19:43,LANDINI GLOBALFARM 100 ,93,Pulvérisateur Caruel 2500L,24.0,54041,Traitements phytosanitaires,0.5673333333333334
123196,2022-01-30 13:08:31,2022-01-30 14:02:01,LANDINI GLOBALFARM 100 ,93,Pulvérisateur Caruel 2500L,24.0,43010,Traitements phytosanitaires,0.7988333333333334
123180,2022-01-30 11:43:13,2022-01-30 12:19:07,LANDINI GLOBALFARM 100 ,93,Pulvérisateur Caruel 2500L,24.0,42030,Traitements phytosanitaires,0.617
122846,2022-01-28 15:32:18,2022-01-28 15:38:42,LANDINI GLOBALFARM 100 ,93,Pulvérisateur Caruel 2500L,24.0,54072-73,Traitements phytosanitaires,0.071
122839,2022-01-28 15:18:54,2022-01-28 15:29:06,LANDINI GLOBALFARM 100 ,93,Pulvérisateur Caruel 2500L,24.0,54082,Traitements phytosanitaires,0.1491666666666667
122821,2022-01-28 14:43:06,2022-01-28 15:06:42,LANDINI GLOBALFARM 100 ,93,Pulvérisateur Caruel 2500L,24.0,54072-73,Traitements phytosanitaires,0.2683333333333333
122139,2022-01-25 15:11:06,2022-01-25 15:20:36,LANDINI GLOBALFARM 100 ,93,Pulvérisateur Caruel 2500L,24.0,54072-73,Traitements phytosanitaires,0.0968333333333333
121826,2022-01-24 12:26:30,2022-01-24 12:33:42,LANDINI GLOBALFARM 100 ,93,Pulvérisateur Caruel 2500L,24.0,P54042,Traitements phytosanitaires,0.0838333333333333
121733,2022-01-24 09:22:06,2022-01-24 09:58:06,LANDINI GLOBALFARM 100 ,93,Pulvérisateur Caruel 2500L,24.0,54013-2,Traitements phytosanitaires,0.9539999999999998
121703,2022-01-24 08:41:24,2022-01-24 09:04:42,LANDINI GLOBALFARM 100 ,93,Pulvérisateur Caruel 2500L,24.0,P54042,Traitements phytosanitaires,0.2851666666666666
121504,2022-01-23 08:49:33,2022-01-23 08:56:51,LANDINI GLOBALFARM 100 ,93,Pulvérisateur Caruel 2500L,24.0,54072-73,Traitements phytosanitaires,0.0993333333333333
121200,2022-01-21 15:47:26,2022-01-21 16:48:02,LANDINI GLOBALFARM 100 ,93,Pulvérisateur Caruel 2500L,24.0,41010-20,Traitements phytosanitaires,0.8538333333333333
121154,2022-01-21 12:42:43,2022-01-21 13:22:25,LANDINI GLOBALFARM 100 ,93,Pulvérisateur Caruel 2500L,24.0,54022,Traitements phytosanitaires,0.5553333333333333
120943,2022-01-20 16:01:50,2022-01-20 16:27:56,LANDINI GLOBALFARM 100 ,93,Pulvérisateur Caruel 2500L,24.0,54054,Traitements phytosanitaires,0.3466666666666667
120259,2022-01-18 13:17:16,2022-01-18 13:51:28,LANDINI GLOBALFARM 100 ,93,Pulvérisateur Caruel 2500L,24.0,43010,Traitements phytosanitaires,0.4293333333333333
120228,2022-01-18 12:22:16,2022-01-18 12:50:04,LANDINI GLOBALFARM 100 ,93,Pulvérisateur Caruel 2500L,24.0,43010,Traitements phytosanitaires,0.4353333333333333
120111,2022-01-18 10:18:52,2022-01-18 11:13:34,LANDINI GLOBALFARM 100 ,93,Pulvérisateur Caruel 2500L,24.0,43020,Traitements phytosanitaires,0.82
119980,2022-01-17 14:54:42,2022-01-17 15:12:54,LANDINI GLOBALFARM 100 ,93,Pulvérisateur Caruel 2500L,24.0,54013-1,Traitements phytosanitaires,0.4258333333333334
119759,2022-01-16 12:39:13,2022-01-16 13:43:55,LANDINI GLOBALFARM 100 ,93,Pulvérisateur Caruel 2500L,24.0,42030,Traitements phytosanitaires,0.8686666666666666
119736,2022-01-16 11:59:55,2022-01-16 12:08:25,LANDINI GLOBALFARM 100 ,93,Pulvérisateur Caruel 2500L,24.0,43010,Traitements phytosanitaires,0.1003333333333333
119713,2022-01-16 11:20:31,2022-01-16 12:02:13,LANDINI GLOBALFARM 100 ,93,Pulvérisateur Caruel 2500L,24.0,42020,Traitements phytosanitaires,0.6928333333333334
119707,2022-01-16 11:07:48,2022-01-16 11:19:42,LANDINI GLOBALFARM 100 ,93,Pulvérisateur Caruel 2500L,24.0,43010,Traitements phytosanitaires,0.14
118699,2022-01-10 14:57:00,2022-01-10 15:18:54,LANDINI GLOBALFARM 100 ,93,Pulvérisateur Caruel 2500L,24.0,P54042,Traitements phytosanitaires,0.2798333333333334
118682,2022-01-10 14:26:42,2022-01-10 14:52:42,LANDINI GLOBALFARM 100 ,93,Pulvérisateur Caruel 2500L,24.0,54054,Traitements phytosanitaires,0.3385
118667,2022-01-10 13:50:18,2022-01-10 14:01:42,LANDINI GLOBALFARM 100 ,93,Pulvérisateur Caruel 2500L,24.0,P54042,Traitements phytosanitaires,0.1646666666666666
118509,2022-01-09 18:25:53,2022-01-09 18:32:41,LANDINI GLOBALFARM 100 ,93,Pulvérisateur Caruel 2500L,24.0,P54042,Traitements phytosanitaires,0.096
118507,2022-01-09 17:28:53,2022-01-09 18:21:11,LANDINI GLOBALFARM 100 ,93,Pulvérisateur Caruel 2500L,24.0,54021,Traitements phytosanitaires,0.9688333333333334
118411,2022-01-08 13:45:53,2022-01-08 14:54:11,LANDINI GLOBALFARM 100 ,93,Pulvérisateur Caruel 2500L,24.0,54060,Traitements phytosanitaires,1.1168333333333331
118275,2022-01-07 17:47:10,2022-01-07 17:56:58,LANDINI GLOBALFARM 100 ,93,Pulvérisateur Caruel 2500L,24.0,54031,Traitements phytosanitaires,0.125
118272,2022-01-07 17:29:16,2022-01-07 17:37:58,LANDINI GLOBALFARM 100 ,93,Pulvérisateur Caruel 2500L,24.0,54013-1,Traitements phytosanitaires,0.1375
118262,2022-01-07 16:45:28,2022-01-07 17:17:16,LANDINI GLOBALFARM 100 ,93,Pulvérisateur Caruel 2500L,24.0,54013-1,Traitements phytosanitaires,0.5783333333333333
118258,2022-01-07 16:36:58,2022-01-07 16:47:04,LANDINI GLOBALFARM 100 ,93,Pulvérisateur Caruel 2500L,24.0,54012,Traitements phytosanitaires,0.1641666666666667
118225,2022-01-07 15:39:52,2022-01-07 15:52:40,LANDINI GLOBALFARM 100 ,93,Pulvérisateur Caruel 2500L,24.0,54012,Traitements phytosanitaires,0.1675
118215,2022-01-07 15:19:04,2022-01-07 15:37:40,LANDINI GLOBALFARM 100 ,93,Pulvérisateur Caruel 2500L,24.0,54012,Traitements phytosanitaires,0.3341666666666666
118210,2022-01-07 15:06:16,2022-01-07 15:41:46,LANDINI GLOBALFARM 100 ,93,Pulvérisateur Caruel 2500L,24.0,54013-1,Traitements phytosanitaires,0.6483333333333333
118201,2022-01-07 14:37:52,2022-01-07 14:57:04,LANDINI GLOBALFARM 100 ,93,Pulvérisateur Caruel 2500L,24.0,P54042,Traitements phytosanitaires,0.2466666666666666
117546,2022-01-04 16:13:38,2022-01-04 16:20:02,LANDINI GLOBALFARM 100 ,93,Pulvérisateur Caruel 2500L,24.0,P54042,Traitements phytosanitaires,0.0674999999999999
117539,2022-01-04 15:57:02,2022-01-04 16:17:32,LANDINI GLOBALFARM 100 ,93,Pulvérisateur Caruel 2500L,24.0,54021,Traitements phytosanitaires,0.3325000000000001
117516,2022-01-04 15:24:44,2022-01-04 15:55:32,LANDINI GLOBALFARM 100 ,93,Pulvérisateur Caruel 2500L,24.0,54054,Traitements phytosanitaires,0.6325
117503,2022-01-04 15:06:44,2022-01-04 15:20:56,LANDINI GLOBALFARM 100 ,93,Pulvérisateur Caruel 2500L,24.0,P54042,Traitements phytosanitaires,0.1883333333333333
116983,2022-01-01 14:56:10,2022-01-01 15:01:46,LANDINI GLOBALFARM 100 ,93,Pulvérisateur Caruel 2500L,24.0,P54042,Traitements phytosanitaires,0.0675
116756,2021-12-31 15:22:57,2021-12-31 15:55:27,LANDINI GLOBALFARM 100 ,93,Pulvérisateur Caruel 2500L,24.0,54022,Traitements phytosanitaires,0.5886666666666667
116488,2021-12-30 14:10:58,2021-12-30 15:17:04,LANDINI GLOBALFARM 100 ,93,Pulvérisateur Caruel 2500L,24.0,54060,Traitements phytosanitaires,1.0491666666666668
116268,2021-12-29 11:37:46,2021-12-29 12:03:04,LANDINI GLOBALFARM 100 ,93,Pulvérisateur Caruel 2500L,24.0,42020,Traitements phytosanitaires,0.3973333333333333
115967,2021-12-27 13:05:41,2021-12-27 13:48:53,LANDINI GLOBALFARM 100 ,93,Pulvérisateur Caruel 2500L,24.0,43010,Traitements phytosanitaires,0.5385
115957,2021-12-27 12:16:41,2021-12-27 12:54:05,LANDINI GLOBALFARM 100 ,93,Pulvérisateur Caruel 2500L,24.0,41010-20,Traitements phytosanitaires,0.5028333333333332
115610,2021-12-24 15:18:29,2021-12-24 15:39:11,LANDINI GLOBALFARM 100 ,93,Pulvérisateur Caruel 2500L,24.0,43020,Traitements phytosanitaires,0.3801666666666666
115039,2021-12-21 14:02:09,2021-12-21 14:46:45,LANDINI GLOBALFARM 100 ,93,Pulvérisateur Caruel 2500L,24.0,46010,Traitements phytosanitaires,0.6600000000000001
114985,2021-12-21 12:00:45,2021-12-21 13:16:21,LANDINI GLOBALFARM 100 ,93,Pulvérisateur Caruel 2500L,24.0,46010,Traitements phytosanitaires,1.3206666666666669
114621,2021-12-19 10:33:27,2021-12-19 10:45:51,LANDINI GLOBALFARM 100 ,93,Pulvérisateur Caruel 2500L,24.0,P54042,Traitements phytosanitaires,0.1833333333333334
114618,2021-12-19 09:58:27,2021-12-19 10:09:45,LANDINI GLOBALFARM 100 ,93,Pulvérisateur Caruel 2500L,24.0,54071-74,Traitements phytosanitaires,0.1175
114500,2021-12-18 16:35:03,2021-12-18 16:42:15,LANDINI GLOBALFARM 100 ,93,Pulvérisateur Caruel 2500L,24.0,P54042,Traitements phytosanitaires,0.0983333333333333
114481,2021-12-18 16:17:23,2021-12-18 16:29:41,LANDINI GLOBALFARM 100 ,93,Pulvérisateur Caruel 2500L,24.0,54054,Traitements phytosanitaires,0.2191666666666666
114462,2021-12-18 15:29:35,2021-12-18 16:15:11,LANDINI GLOBALFARM 100 ,93,Pulvérisateur Caruel 2500L,24.0,54021,Traitements phytosanitaires,0.876
114265,2021-12-18 12:37:17,2021-12-18 12:43:41,LANDINI GLOBALFARM 100 ,93,Pulvérisateur Caruel 2500L,24.0,P54042,Traitements phytosanitaires,0.081
114231,2021-12-18 11:42:11,2021-12-18 12:32:47,LANDINI GLOBALFARM 100 ,93,Pulvérisateur Caruel 2500L,24.0,54021,Traitements phytosanitaires,0.9183333333333334
113188,2021-12-14 15:15:14,2021-12-14 16:10:02,LANDINI GLOBALFARM 100 ,93,Pulvérisateur Caruel 2500L,24.0,41010-20,Traitements phytosanitaires,1.1796666666666666
113169,2021-12-14 14:20:02,2021-12-14 14:44:02,LANDINI GLOBALFARM 100 ,93,Pulvérisateur Caruel 2500L,24.0,41010-20,Traitements phytosanitaires,0.3491666666666666
111894,2021-12-07 13:30:29,2021-12-07 16:33:59,LANDINI LANDPOWER135 ,134,Cover crop 28 D,3.2,43020,Travaux du sol,9.263166666666669
111786,2021-12-07 10:36:14,2021-12-07 11:54:20,LANDINI LANDPOWER135 ,134,Cover crop 28 D,3.2,43020,Travaux du sol,4.044166666666667
111688,2021-12-06 14:49:43,2021-12-06 16:57:07,LANDINI LANDPOWER135 ,134,Cover crop 28 D,3.2,43020,Travaux du sol,6.580833333333333
108056,2021-11-21 10:17:40,2021-11-21 11:55:10,LANDINI LANDPOWER135 ,134,Cover crop 28 D,3.2,42030,Travaux du sol,4.459166666666667
108029,2021-11-21 08:43:46,2021-11-21 10:20:46,LANDINI LANDPOWER135 ,134,Cover crop 28 D,3.2,42020,Travaux du sol,4.4875
107830,2021-11-19 14:36:19,2021-11-19 18:52:31,LANDINI LANDPOWER135 ,134,Cover crop 36 D,4.2,54081,Travaux du sol,12.865833333333333
107752,2021-11-18 13:34:58,2021-11-18 14:47:10,LANDINI LANDPOWER135 ,134,Cover crop 36 D,4.2,54082,Travaux du sol,4.604166666666666
107712,2021-11-18 10:26:16,2021-11-18 12:15:52,LANDINI LANDPOWER135 ,134,Cover crop 36 D,4.2,54082,Travaux du sol,6.465833333333333
107686,2021-11-18 08:59:52,2021-11-18 10:32:22,LANDINI LANDPOWER135 ,134,Cover crop 36 D,4.2,54081,Travaux du sol,5.778333333333333
107617,2021-11-17 17:35:41,2021-11-17 18:05:17,LANDINI LANDPOWER135 ,134,Cover crop 36 D,4.2,54082,Travaux du sol,1.8441666666666667
107467,2021-11-17 11:31:41,2021-11-17 12:04:05,LANDINI LANDPOWER135 ,134,Cover crop 36 D,4.2,54013-1,Travaux du sol,1.8358333333333328
107446,2021-11-17 10:53:53,2021-11-17 11:29:41,LANDINI LANDPOWER135 ,134,Cover crop 36 D,4.2,54013-1,Travaux du sol,1.6566666666666667
107369,2021-11-17 08:19:41,2021-11-17 12:04:11,LANDINI LANDPOWER135 ,134,Cover crop 36 D,4.2,54012,Travaux du sol,12.4025
107340,2021-11-16 17:22:50,2021-11-16 17:51:50,LANDINI LANDPOWER135 ,134,Cover crop 36 D,4.2,54013-1,Travaux du sol,1.4008333333333332
107335,2021-11-16 16:57:50,2021-11-16 17:20:56,LANDINI LANDPOWER135 ,134,Cover crop 36 D,4.2,54013-1,Travaux du sol,1.4141666666666668
107317,2021-11-16 15:27:50,2021-11-16 16:16:44,LANDINI LANDPOWER135 ,134,Cover crop 36 D,4.2,54013-1,Travaux du sol,2.5225
107304,2021-11-16 15:00:26,2021-11-16 15:17:20,LANDINI LANDPOWER135 ,134,Cover crop 36 D,4.2,54013-1,Travaux du sol,1.0558333333333334
107284,2021-11-16 14:30:20,2021-11-16 15:32:02,LANDINI LANDPOWER135 ,134,Cover crop 36 D,4.2,54012,Travaux du sol,3.515
107258,2021-11-16 13:48:55,2021-11-16 14:16:25,LANDINI LANDPOWER135 ,134,Cover crop 36 D,4.2,54012,Travaux du sol,1.5341666666666665
107244,2021-11-16 13:26:25,2021-11-16 14:21:43,LANDINI LANDPOWER135 ,134,Cover crop 36 D,4.2,54013-1,Travaux du sol,3.0583333333333336
107230,2021-11-16 12:56:31,2021-11-16 13:48:01,LANDINI LANDPOWER135 ,134,Cover crop 36 D,4.2,54012,Travaux du sol,2.4175
107105,2021-11-16 10:23:55,2021-11-16 11:26:25,LANDINI LANDPOWER135 ,134,Cover crop 36 D,4.2,54012,Travaux du sol,3.2425
107038,2021-11-16 09:06:07,2021-11-16 10:22:19,LANDINI LANDPOWER135 ,134,Cover crop 36 D,4.2,54012,Travaux du sol,4.275833333333333
107025,2021-11-16 08:51:49,2021-11-16 09:48:19,LANDINI LANDPOWER135 ,134,Cover crop 36 D,4.2,54013-1,Travaux du sol,3.1975
106972,2021-11-15 17:37:49,2021-11-15 18:17:13,LANDINI LANDPOWER135 ,134,Cover crop 36 D,4.2,54012,Travaux du sol,2.270833333333333
106944,2021-11-15 15:51:37,2021-11-15 16:35:43,LANDINI LANDPOWER135 ,134,Cover crop 36 D,4.2,54013-1,Travaux du sol,2.2666666666666666
106908,2021-11-15 15:05:01,2021-11-15 15:28:55,LANDINI LANDPOWER135 ,134,Cover crop 36 D,4.2,54013-1,Travaux du sol,1.2175
106549,2021-11-14 13:13:59,2021-11-14 16:02:17,LANDINI LANDPOWER135 ,134,Cover crop 28 D,3.2,46010,Travaux du sol,8.901666666666667
106295,2021-11-13 13:10:16,2021-11-13 17:29:16,LANDINI LANDPOWER135 ,134,Cover crop 28 D,3.2,43020,Travaux du sol,11.749166666666667
106024,2021-11-12 13:34:02,2021-11-12 17:25:02,LANDINI LANDPOWER135 ,134,Cover crop 36 D,4.2,54022,Travaux du sol,12.001666666666669
105959,2021-11-12 11:40:43,2021-11-12 11:56:19,LANDINI LANDPOWER135 ,134,Cover crop 36 D,4.2,54022,Travaux du sol,0.8726666666666667
105810,2021-11-12 08:26:01,2021-11-12 09:18:07,LANDINI LANDPOWER135 ,134,Cover crop 36 D,4.2,54054,Travaux du sol,2.831666666666667
105673,2021-11-11 13:21:20,2021-11-11 15:16:44,LANDINI LANDPOWER135 ,134,Cover crop 36 D,4.2,54021,Travaux du sol,7.111666666666666
105417,2021-11-10 15:58:12,2021-11-10 18:54:00,LANDINI LANDPOWER135 ,134,Cover crop 36 D,4.2,54021,Travaux du sol,9.84
104744,2021-11-09 08:16:43,2021-11-09 11:44:49,LANDINI LANDPOWER135 ,134,Cover crop 36 D,4.2,46010,Travaux du sol,9.787666666666668
104415,2021-11-08 10:32:14,2021-11-08 15:22:38,LANDINI LANDPOWER135 ,134,Cover crop 36 D,4.2,46010,Travaux du sol,13.544166666666667
101317,2021-10-30 08:48:00,2021-10-30 09:43:42,LANDINI LANDPOWER135 ,134,Cover crop 36 D,4.2,54043,Travaux du sol,2.84
96274,2021-10-15 15:55:38,2021-10-15 18:28:38,LANDINI LANDPOWER135 ,134,Cover crop 36 D,4.2,54081,Travaux du sol,6.691666666666666
96237,2021-10-15 14:13:44,2021-10-15 15:56:02,LANDINI LANDPOWER135 ,134,Cover crop 36 D,4.2,54060,Travaux du sol,4.524166666666666
95685,2021-10-14 08:50:25,2021-10-14 09:37:49,LANDINI LANDPOWER135 ,134,Cover crop 36 D,4.2,54060,Travaux du sol,2.175
95577,2021-10-13 15:56:39,2021-10-13 16:43:57,LANDINI LANDPOWER135 ,134,Cover crop 36 D,4.2,54060,Travaux du sol,1.9525
95334,2021-10-12 13:18:51,2021-10-12 16:36:45,LANDINI LANDPOWER135 ,134,Cover crop 36 D,4.2,54021,Travaux du sol,8.7275
94724,2021-10-11 08:43:11,2021-10-11 11:42:41,LANDINI LANDPOWER135 ,134,Cover crop 36 D,4.2,54021,Travaux du sol,7.375
94106,2021-10-09 13:33:20,2021-10-09 16:35:32,LANDINI LANDPOWER135 ,134,Cover crop 36 D,4.2,54043,Travaux du sol,7.7555
93960,2021-10-09 10:12:50,2021-10-09 11:51:26,LANDINI LANDPOWER135 ,134,Cover crop 36 D,4.2,54043,Travaux du sol,3.877166666666667
93875,2021-10-09 08:22:26,2021-10-09 09:54:56,LANDINI LANDPOWER135 ,134,Cover crop 36 D,4.2,54043,Travaux du sol,3.843333333333333
93530,2021-10-08 08:23:55,2021-10-08 11:44:25,LANDINI LANDPOWER135 ,134,Cover crop 36 D,4.2,54043,Travaux du sol,7.601666666666666
92772,2021-10-05 15:28:43,2021-10-05 16:42:55,LANDINI LANDPOWER135 ,134,Cover crop 36 D,4.2,54072-73,Travaux du sol,3.4633333333333334
92719,2021-10-05 13:57:25,2021-10-05 15:31:25,LANDINI LANDPOWER135 ,134,Cover crop 36 D,4.2,54072-73,Travaux du sol,4.234166666666667
92365,2021-10-05 08:47:02,2021-10-05 09:05:08,LANDINI LANDPOWER135 ,134,Cover crop 36 D,4.2,54072-73,Travaux du sol,0.8141666666666667
92193,2021-10-04 15:02:22,2021-10-04 15:46:40,LANDINI LANDPOWER135 ,134,Cover crop 36 D,4.2,54072-73,Travaux du sol,2.06
92180,2021-10-04 14:45:28,2021-10-04 16:58:46,LANDINI LANDPOWER135 ,134,Cover crop 36 D,4.2,54072-73,Travaux du sol,5.826666666666666
92011,2021-10-04 08:45:58,2021-10-04 10:12:04,LANDINI LANDPOWER135 ,134,Cover crop 36 D,4.2,54071-74,Travaux du sol,3.4275
91931,2021-10-03 13:42:18,2021-10-03 16:51:00,LANDINI LANDPOWER135 ,134,Cover crop 36 D,4.2,54071-74,Travaux du sol,7.093333333333334
91870,2021-10-03 10:28:24,2021-10-03 11:52:54,LANDINI LANDPOWER135 ,134,Cover crop 36 D,4.2,54071-74,Travaux du sol,3.013333333333333
91789,2021-10-03 08:18:24,2021-10-03 08:52:12,LANDINI LANDPOWER135 ,134,Cover crop 36 D,4.2,54072-73,Travaux du sol,1.5816666666666666
91517,2021-10-02 08:55:38,2021-10-02 09:49:56,LANDINI LANDPOWER135 ,134,Cover crop 36 D,4.2,54072-73,Travaux du sol,2.0933333333333333
91472,2021-10-01 16:05:24,2021-10-01 17:02:24,LANDINI LANDPOWER135 ,134,Cover crop 36 D,4.2,54072-73,Travaux du sol,2.155833333333333
91468,2021-10-01 15:13:18,2021-10-01 16:28:42,LANDINI LANDPOWER135 ,134,Cover crop 36 D,4.2,54072-73,Travaux du sol,2.923333333333333
91466,2021-10-01 14:47:54,2021-10-01 16:02:18,LANDINI LANDPOWER135 ,134,Cover crop 36 D,4.2,54072-73,Travaux du sol,2.82
91465,2021-10-01 14:42:36,2021-10-01 15:10:00,LANDINI LANDPOWER135 ,134,Cover crop 36 D,4.2,54072-73,Travaux du sol,0.9666666666666668
91409,2021-10-01 11:17:30,2021-10-01 11:51:12,LANDINI LANDPOWER135 ,134,Cover crop 36 D,4.2,54072-73,Travaux du sol,1.1516666666666666
91386,2021-10-01 11:03:12,2021-10-01 11:51:12,LANDINI LANDPOWER135 ,134,Cover crop 36 D,4.2,54072-73,Travaux du sol,1.6266666666666665
91357,2021-10-01 10:28:12,2021-10-01 11:01:12,LANDINI LANDPOWER135 ,134,Cover crop 36 D,4.2,54072-73,Travaux du sol,1.1975
91339,2021-10-01 10:01:12,2021-10-01 10:19:42,LANDINI LANDPOWER135 ,134,Cover crop 36 D,4.2,54072-73,Travaux du sol,0.7341666666666667
91291,2021-10-01 09:07:48,2021-10-01 11:10:54,LANDINI LANDPOWER135 ,134,Cover crop 36 D,4.2,54072-73,Travaux du sol,4.960833333333333
87791,2021-09-19 13:41:52,2021-09-19 18:16:46,LANDINI LANDPOWER135 ,134,STUBBLE PLOW 16D ATMAR,2.4,54052,Travaux du sol,14.285
87521,2021-09-18 13:45:58,2021-09-18 18:18:04,LANDINI LANDPOWER135 ,134,STUBBLE PLOW 16D ATMAR,2.4,54052,Travaux du sol,14.955
87271,2021-09-17 16:21:46,2021-09-17 18:50:58,LANDINI LANDPOWER135 ,134,STUBBLE PLOW 16D ATMAR,2.4,54052,Travaux du sol,8.381833333333333
87222,2021-09-17 13:51:28,2021-09-17 16:37:10,LANDINI LANDPOWER135 ,134,STUBBLE PLOW 16D ATMAR,2.4,54053,Travaux du sol,9.229333333333336
86461,2021-09-15 13:22:10,2021-09-15 18:42:40,LANDINI LANDPOWER135 ,134,STUBBLE PLOW 16D ATMAR,2.4,54053,Travaux du sol,13.9475
86166,2021-09-14 14:29:40,2021-09-14 18:33:28,LANDINI LANDPOWER135 ,134,STUBBLE PLOW 16D ATMAR,2.4,54053,Travaux du sol,11.173333333333334
86097,2021-09-14 13:28:34,2021-09-14 14:20:10,LANDINI LANDPOWER135 ,134,STUBBLE PLOW 16D ATMAR,2.4,54053,Travaux du sol,2.9125
85914,2021-09-14 10:14:46,2021-09-14 11:21:10,LANDINI LANDPOWER135 ,134,STUBBLE PLOW 16D ATMAR,2.4,54053,Travaux du sol,2.9508333333333336
85192,2021-09-06 13:15:01,2021-09-06 18:19:49,LANDINI LANDPOWER135 ,134,STUBBLE PLOW 16D ATMAR,2.4,54054,Travaux du sol,13.963166666666666
85027,2021-09-06 08:53:55,2021-09-06 10:42:13,LANDINI LANDPOWER135 ,134,STUBBLE PLOW 16D ATMAR,2.4,54032,Travaux du sol,4.927500000000001
85023,2021-09-06 08:44:00,2021-09-06 11:55:06,JOHN DEERE 6195,195,STUBBLE PLOW 32D QUIVOGNE,3.5,54041,Travaux du sol,12.678
84926,2021-09-05 13:30:14,2021-09-05 16:50:38,LANDINI LANDPOWER135 ,134,STUBBLE PLOW 16D ATMAR,2.4,54033,Travaux du sol,8.760166666666668
84740,2021-09-04 14:48:33,2021-09-04 19:24:45,LANDINI LANDPOWER135 ,134,STUBBLE PLOW 16D ATMAR,2.4,54033,Travaux du sol,11.399666666666668
84652,2021-09-04 10:05:33,2021-09-04 11:08:45,LANDINI LANDPOWER135 ,134,STUBBLE PLOW 16D ATMAR,2.4,54033,Travaux du sol,3.067
84585,2021-09-04 08:28:27,2021-09-04 09:46:45,LANDINI LANDPOWER135 ,134,STUBBLE PLOW 16D ATMAR,2.4,54033,Travaux du sol,4.087666666666667
84578,2021-09-04 08:19:13,2021-09-04 11:51:13,JOHN DEERE 6195,195,STUBBLE PLOW 32D QUIVOGNE,3.5,54071-74,Travaux du sol,14.577833333333334
84544,2021-09-03 14:54:56,2021-09-03 16:54:14,JOHN DEERE 6195,195,STUBBLE PLOW 32D QUIVOGNE,3.5,54071-74,Travaux du sol,8.394833333333334
84523,2021-09-03 13:19:32,2021-09-03 16:56:32,LANDINI LANDPOWER135 ,134,STUBBLE PLOW 16D ATMAR,2.4,54033,Travaux du sol,10.830833333333333
84168,2021-09-01 13:30:30,2021-09-01 16:55:54,LANDINI LANDPOWER135 ,134,STUBBLE PLOW 16D ATMAR,2.4,P54042,Travaux du sol,9.483
84067,2021-09-01 08:38:48,2021-09-01 11:54:36,LANDINI LANDPOWER135 ,134,STUBBLE PLOW 16D ATMAR,2.4,P54042,Travaux du sol,9.02
81510,2021-08-17 13:20:56,2021-08-17 16:57:50,LANDINI LANDPOWER135 ,134,STUBBLE PLOW 16D ATMAR,2.4,P54042,Travaux du sol,10.4015
80838,2021-08-13 08:38:11,2021-08-13 10:13:17,LANDINI LANDPOWER135 ,134,STUBBLE PLOW 16D ATMAR,2.4,54072-73,Travaux du sol,4.194166666666667
80662,2021-08-12 10:11:08,2021-08-12 11:05:38,LANDINI LANDPOWER135 ,134,STUBBLE PLOW 16D ATMAR,2.4,54072-73,Travaux du sol,2.4025
78814,2021-08-04 09:52:00,2021-08-04 11:35:48,LANDINI LANDPOWER135 ,134,Cover crop 36 D,4.2,P54042,Travaux du sol,4.7716666666666665
78068,2021-07-31 14:08:28,2021-07-31 17:07:58,LANDINI LANDPOWER135 ,134,STUBBLE PLOW 16D ATMAR,2.4,P54042,Travaux du sol,9.065666666666669
78010,2021-07-31 10:38:10,2021-07-31 11:57:28,LANDINI LANDPOWER135 ,134,STUBBLE PLOW 16D ATMAR,2.4,P54042,Travaux du sol,3.585666666666667
74817,2021-07-12 15:14:07,2021-07-12 18:05:13,LANDINI LANDPOWER135 ,134,STUBBLE PLOW 16D ATMAR,2.4,43010,Travaux du sol,8.492333333333333
74642,2021-07-11 16:33:21,2021-07-11 23:18:27,LANDINI LANDPOWER135 ,134,STUBBLE PLOW 16D ATMAR,2.4,43010,Travaux du sol,20.37633333333333
74554,2021-07-11 05:49:27,2021-07-11 11:53:21,LANDINI LANDPOWER135 ,134,STUBBLE PLOW 16D ATMAR,2.4,43020,Travaux du sol,18.175833333333337
74549,2021-07-10 16:20:05,2021-07-10 20:04:53,LANDINI LANDPOWER135 ,134,STUBBLE PLOW 16D ATMAR,2.4,43020,Travaux du sol,12.1075
74446,2021-07-10 08:51:54,2021-07-10 11:27:12,LANDINI LANDPOWER135 ,134,STUBBLE PLOW 16D ATMAR,2.4,43020,Travaux du sol,8.6445
74131,2021-07-08 13:19:57,2021-07-08 17:52:15,LANDINI LANDPOWER135 ,134,STUBBLE PLOW 16D ATMAR,2.4,54054,Travaux du sol,13.6075
74020,2021-07-08 09:48:21,2021-07-08 11:55:39,LANDINI LANDPOWER135 ,134,STUBBLE PLOW 16D ATMAR,2.4,54054,Travaux du sol,6.099166666666667
73146,2021-07-05 13:17:03,2021-07-05 14:36:45,LANDINI LANDPOWER135 ,134,STUBBLE PLOW 16D ATMAR,2.4,54021,Travaux du sol,3.505
72760,2021-07-03 14:46:26,2021-07-03 18:50:20,LANDINI LANDPOWER135 ,134,STUBBLE PLOW 16D ATMAR,2.4,54021,Travaux du sol,12.413333333333334
72623,2021-07-03 08:44:56,2021-07-03 11:51:26,LANDINI LANDPOWER135 ,134,STUBBLE PLOW 16D ATMAR,2.4,54081,Travaux du sol,9.491666666666667
72537,2021-07-02 13:53:01,2021-07-02 19:30:19,LANDINI LANDPOWER135 ,134,STUBBLE PLOW 16D ATMAR,2.4,54081,Travaux du sol,17.17816666666667
72449,2021-07-02 10:15:37,2021-07-02 11:53:01,LANDINI LANDPOWER135 ,134,STUBBLE PLOW 16D ATMAR,2.4,54081,Travaux du sol,4.839333333333334
72038,2021-06-30 17:37:59,2021-06-30 18:58:59,LANDINI LANDPOWER135 ,134,STUBBLE PLOW 16D ATMAR,2.4,54082,Travaux du sol,3.9675
71979,2021-06-30 13:35:17,2021-06-30 17:39:41,LANDINI LANDPOWER135 ,134,STUBBLE PLOW 16D ATMAR,2.4,54060,Travaux du sol,11.6285
71726,2021-06-29 14:01:53,2021-06-29 19:14:17,LANDINI LANDPOWER135 ,134,STUBBLE PLOW 16D ATMAR,2.4,54060,Travaux du sol,15.11
71437,2021-06-28 13:32:56,2021-06-28 15:01:50,LANDINI LANDPOWER135 ,134,STUBBLE PLOW 16D ATMAR,2.4,42010,Travaux du sol,4.939166666666667
71229,2021-06-28 08:25:59,2021-06-28 11:48:41,LANDINI LANDPOWER135 ,134,STUBBLE PLOW 16D ATMAR,2.4,42010,Travaux du sol,10.185
66323,2021-06-14 08:38:27,2021-06-14 08:42:57,LANDINI GLOBALFARM 100 ,93,Pulvérisateur Caruel 2500L,24.0,P54042,Traitements phytosanitaires,0.0436666666666666
66318,2021-06-14 08:26:39,2021-06-14 08:36:57,LANDINI GLOBALFARM 100 ,93,Pulvérisateur Caruel 2500L,24.0,54022,Traitements phytosanitaires,0.0963333333333333
66034,2021-06-13 09:36:21,2021-06-13 09:41:33,LANDINI GLOBALFARM 100 ,93,Pulvérisateur Caruel 2500L,24.0,P54042,Traitements phytosanitaires,0.049
65755,2021-06-12 11:14:09,2021-06-12 11:19:33,LANDINI GLOBALFARM 100 ,93,Pulvérisateur Caruel 2500L,24.0,54052,Traitements phytosanitaires,0.0779999999999999
65736,2021-06-12 10:51:27,2021-06-12 10:55:27,LANDINI GLOBALFARM 100 ,93,Pulvérisateur Caruel 2500L,24.0,54051,Traitements phytosanitaires,0.048
65458,2021-06-11 15:02:09,2021-06-11 15:23:03,LANDINI GLOBALFARM 100 ,93,Pulvérisateur Caruel 2500L,24.0,P54042,Traitements phytosanitaires,0.2523333333333333
65438,2021-06-11 14:27:09,2021-06-11 14:32:57,LANDINI GLOBALFARM 100 ,93,Pulvérisateur Caruel 2500L,24.0,54013-1,Traitements phytosanitaires,0.0586666666666666
65087,2021-06-10 14:52:38,2021-06-10 15:06:02,LANDINI GLOBALFARM 100 ,93,Pulvérisateur Caruel 2500L,24.0,P54042,Traitements phytosanitaires,0.169
64851,2021-06-10 09:02:19,2021-06-10 09:10:43,LANDINI GLOBALFARM 100 ,93,Pulvérisateur Caruel 2500L,24.0,54051,Traitements phytosanitaires,0.0745
64686,2021-06-09 14:35:12,2021-06-09 14:45:42,LANDINI GLOBALFARM 100 ,93,Pulvérisateur Caruel 2500L,24.0,P54042,Traitements phytosanitaires,0.1108333333333333
64083,2021-06-07 21:22:42,2021-06-07 21:32:48,LANDINI GLOBALFARM 100 ,93,Pulvérisateur Caruel 2500L,24.0,P54042,Traitements phytosanitaires,0.2133333333333333
63410,2021-06-05 21:21:23,2021-06-05 22:01:53,LANDINI GLOBALFARM 100 ,93,Pulvérisateur Caruel 2500L,24.0,P54042,Traitements phytosanitaires,0.434
62881,2021-06-04 14:06:27,2021-06-04 14:12:57,LANDINI GLOBALFARM 100 ,93,Pulvérisateur Caruel 2500L,24.0,P54042,Traitements phytosanitaires,0.1386666666666667
62788,2021-06-04 11:06:27,2021-06-04 11:18:39,LANDINI GLOBALFARM 100 ,93,Pulvérisateur Caruel 2500L,24.0,P54042,Traitements phytosanitaires,0.2605
62273,2021-06-02 12:25:57,2021-06-02 12:36:39,LANDINI GLOBALFARM 100 ,93,Pulvérisateur Caruel 2500L,24.0,P54042,Traitements phytosanitaires,0.2131666666666666
62199,2021-06-02 10:10:15,2021-06-02 10:26:51,LANDINI GLOBALFARM 100 ,93,Pulvérisateur Caruel 2500L,24.0,P54042,Traitements phytosanitaires,0.1808333333333333
61996,2021-06-01 14:12:26,2021-06-01 14:19:38,LANDINI GLOBALFARM 100 ,93,Pulvérisateur Caruel 2500L,24.0,P54042,Traitements phytosanitaires,0.079
61466,2021-05-25 16:09:48,2021-05-25 16:45:48,LANDINI GLOBALFARM 100 ,93,Pulvérisateur Caruel 2500L,24.0,54041,Traitements phytosanitaires,0.5561666666666667
61368,2021-05-25 10:35:11,2021-05-25 10:40:23,LANDINI GLOBALFARM 100 ,93,Pulvérisateur Caruel 2500L,24.0,54041,Traitements phytosanitaires,0.0588333333333333
61255,2021-05-24 21:49:10,2021-05-24 21:57:40,LANDINI GLOBALFARM 100 ,93,Pulvérisateur Caruel 2500L,24.0,P54042,Traitements phytosanitaires,0.1371666666666667
61253,2021-05-24 21:05:34,2021-05-24 21:49:34,LANDINI GLOBALFARM 100 ,93,Pulvérisateur Caruel 2500L,24.0,54032,Traitements phytosanitaires,0.823
61251,2021-05-24 20:46:22,2021-05-24 20:55:22,LANDINI GLOBALFARM 100 ,93,Pulvérisateur Caruel 2500L,24.0,54043,Traitements phytosanitaires,0.1113333333333333
61249,2021-05-24 20:02:34,2021-05-24 20:47:04,LANDINI GLOBALFARM 100 ,93,Pulvérisateur Caruel 2500L,24.0,54032,Traitements phytosanitaires,0.7805000000000001
61248,2021-05-24 19:53:16,2021-05-24 20:04:28,LANDINI GLOBALFARM 100 ,93,Pulvérisateur Caruel 2500L,24.0,54033,Traitements phytosanitaires,0.1925
61245,2021-05-24 18:52:46,2021-05-24 19:35:52,LANDINI GLOBALFARM 100 ,93,Pulvérisateur Caruel 2500L,24.0,54033,Traitements phytosanitaires,0.7003333333333334
61235,2021-05-24 17:48:04,2021-05-24 18:29:22,LANDINI GLOBALFARM 100 ,93,Pulvérisateur Caruel 2500L,24.0,54033,Traitements phytosanitaires,0.621
61231,2021-05-24 17:38:46,2021-05-24 17:48:10,LANDINI GLOBALFARM 100 ,93,Pulvérisateur Caruel 2500L,24.0,54041,Traitements phytosanitaires,0.1191666666666666
60355,2021-05-20 20:27:03,2021-05-20 23:12:33,LANDINI GLOBALFARM 100 ,93,Pulvérisateur Caruel 2500L,24.0,54071-74,Traitements phytosanitaires,2.4681666666666664
59472,2021-05-17 16:46:09,2021-05-17 17:59:57,LANDINI LANDPOWER135 ,134,Cover crop 36 D,4.2,51010,Travaux du sol,4.029166666666666
59466,2021-05-17 16:16:03,2021-05-17 16:52:45,LANDINI LANDPOWER135 ,134,Cover crop 36 D,4.2,52010,Travaux du sol,1.745
59460,2021-05-17 15:19:39,2021-05-17 16:20:21,LANDINI LANDPOWER135 ,134,Cover crop 36 D,4.2,51010,Travaux du sol,2.8015
59439,2021-05-17 13:20:52,2021-05-17 14:16:22,LANDINI GLOBALFARM 100 ,93,Epandeur d'engrais Amazone,24.0,54071-74,Fertilisation,0.6233333333333333
59100,2021-05-15 12:09:54,2021-05-15 13:03:12,LANDINI GLOBALFARM 100 ,93,Pulvérisateur Caruel 2500L,24.0,54071-74,Traitements phytosanitaires,1.0133333333333334
59083,2021-05-15 11:23:00,2021-05-15 11:34:00,LANDINI GLOBALFARM 100 ,93,Pulvérisateur Caruel 2500L,24.0,P54042,Traitements phytosanitaires,0.1073333333333333
59004,2021-05-15 08:56:12,2021-05-15 09:06:06,LANDINI GLOBALFARM 100 ,93,Pulvérisateur Caruel 2500L,24.0,54051,Traitements phytosanitaires,0.1186666666666666
58835,2021-05-14 09:35:44,2021-05-14 11:56:14,LANDINI LANDPOWER135 ,134,Cover crop 36 D,4.2,54052,Travaux du sol,7.093333333333333
58716,2021-05-12 12:33:50,2021-05-12 13:56:02,LANDINI LANDPOWER135 ,134,Cover crop 36 D,4.2,54052,Travaux du sol,4.025
58415,2021-05-11 12:45:54,2021-05-11 12:55:24,LANDINI GLOBALFARM 100 ,93,Pulvérisateur Caruel 2500L,24.0,54072-73,Traitements phytosanitaires,0.1535
58412,2021-05-11 12:40:54,2021-05-11 12:54:30,LANDINI GLOBALFARM 100 ,93,Pulvérisateur Caruel 2500L,24.0,54072-73,Traitements phytosanitaires,0.2135
58408,2021-05-11 12:32:00,2021-05-11 12:43:54,LANDINI GLOBALFARM 100 ,93,Pulvérisateur Caruel 2500L,24.0,52010,Traitements phytosanitaires,0.2016666666666666
58402,2021-05-11 12:15:19,2021-05-11 14:26:43,LANDINI LANDPOWER135 ,134,Cover crop 36 D,4.2,54052,Travaux du sol,5.908333333333334
58396,2021-05-11 12:02:00,2021-05-11 12:30:30,LANDINI GLOBALFARM 100 ,93,Pulvérisateur Caruel 2500L,24.0,51010,Traitements phytosanitaires,0.5016666666666666
58370,2021-05-11 11:18:06,2021-05-11 11:23:48,LANDINI GLOBALFARM 100 ,93,Pulvérisateur Caruel 2500L,24.0,54043,Traitements phytosanitaires,0.0621666666666666
58335,2021-05-11 10:18:24,2021-05-11 10:52:42,LANDINI GLOBALFARM 100 ,93,Pulvérisateur Caruel 2500L,24.0,54043,Traitements phytosanitaires,0.6511666666666668
58320,2021-05-11 09:20:30,2021-05-11 09:59:18,LANDINI GLOBALFARM 100 ,93,Pulvérisateur Caruel 2500L,24.0,54043,Traitements phytosanitaires,0.727
58214,2021-05-10 12:37:48,2021-05-10 13:16:42,LANDINI GLOBALFARM 100 ,93,Pulvérisateur Caruel 2500L,24.0,54031,Traitements phytosanitaires,0.7115
58195,2021-05-10 11:31:53,2021-05-10 12:43:11,LANDINI LANDPOWER135 ,134,Cover crop 36 D,4.2,54052,Travaux du sol,3.419166666666667
58130,2021-05-10 08:29:10,2021-05-10 12:06:10,LANDINI LANDPOWER135 ,134,Cover crop 36 D,4.2,54051,Travaux du sol,10.3775
57826,2021-05-08 14:15:02,2021-05-08 14:28:08,LANDINI GLOBALFARM 100 ,93,Pulvérisateur Caruel 2500L,24.0,54072-73,Traitements phytosanitaires,0.1771666666666666
57820,2021-05-08 13:59:32,2021-05-08 14:08:50,LANDINI GLOBALFARM 100 ,93,Pulvérisateur Caruel 2500L,24.0,54072-73,Traitements phytosanitaires,0.1208333333333333
57787,2021-05-08 12:51:20,2021-05-08 13:46:38,LANDINI GLOBALFARM 100 ,93,Pulvérisateur Caruel 2500L,24.0,54033,Traitements phytosanitaires,0.7433333333333335
57476,2021-05-07 12:44:41,2021-05-07 13:34:59,LANDINI GLOBALFARM 100 ,93,Pulvérisateur Caruel 2500L,24.0,54033,Traitements phytosanitaires,0.8355
57469,2021-05-07 12:17:29,2021-05-07 12:44:47,LANDINI GLOBALFARM 100 ,93,Pulvérisateur Caruel 2500L,24.0,P54042,Traitements phytosanitaires,0.4575
57408,2021-05-07 10:16:53,2021-05-07 11:40:23,LANDINI GLOBALFARM 100 ,93,Pulvérisateur Caruel 2500L,24.0,P54042,Traitements phytosanitaires,1.182
57161,2021-05-06 09:14:22,2021-05-06 10:26:52,LANDINI GLOBALFARM 100 ,93,Pulvérisateur Caruel 2500L,24.0,54041,Traitements phytosanitaires,1.1373333333333335
57135,2021-05-06 08:35:02,2021-05-06 15:10:20,LANDINI LANDPOWER135 ,134,Cover crop 36 D,4.2,54031,Travaux du sol,16.82166666666667
56930,2021-05-05 10:48:24,2021-05-05 13:06:06,LANDINI LANDPOWER135 ,134,Cover crop 36 D,4.2,54031,Travaux du sol,6.3475
56661,2021-05-04 09:13:02,2021-05-04 15:20:38,LANDINI LANDPOWER135 ,134,Cover crop 36 D,4.2,54043,Travaux du sol,17.225833333333334
56566,2021-05-03 14:37:23,2021-05-03 14:58:11,LANDINI LANDPOWER135 ,134,Cover crop 36 D,4.2,54031,Travaux du sol,0.9716666666666668
56372,2021-05-02 12:40:36,2021-05-02 12:47:54,LANDINI GLOBALFARM 100 ,93,Pulvérisateur Caruel 2500L,24.0,P54042,Traitements phytosanitaires,0.1165
56333,2021-05-02 10:28:36,2021-05-02 10:34:06,LANDINI GLOBALFARM 100 ,93,Pulvérisateur Caruel 2500L,24.0,54031,Traitements phytosanitaires,0.0678333333333333
56307,2021-05-02 09:02:24,2021-05-02 10:23:42,LANDINI GLOBALFARM 100 ,93,Pulvérisateur Caruel 2500L,24.0,54032,Traitements phytosanitaires,1.475833333333333
55523,2021-04-27 10:39:41,2021-04-27 11:34:05,LANDINI GLOBALFARM 100 ,93,Pulvérisateur Caruel 2500L,24.0,54071-74,Traitements phytosanitaires,1.0273333333333334
55496,2021-04-27 09:29:11,2021-04-27 10:18:35,LANDINI GLOBALFARM 100 ,93,Pulvérisateur Caruel 2500L,24.0,54071-74,Traitements phytosanitaires,0.953
55305,2021-04-26 09:33:30,2021-04-26 12:35:36,LANDINI LANDPOWER135 ,134,Cover crop 36 D,4.2,54032,Travaux du sol,7.823
54691,2021-04-23 21:03:22,2021-04-23 22:41:58,LANDINI GLOBALFARM 100 ,93,Pulvérisateur Caruel 2500L,24.0,P54042,Traitements phytosanitaires,1.854
54469,2021-04-23 08:41:03,2021-04-23 09:48:21,LANDINI LANDPOWER135 ,134,Cover crop 36 D,4.2,54071-74,Travaux du sol,3.378333333333333
54315,2021-04-22 23:02:04,2021-04-22 23:46:46,LANDINI GLOBALFARM 100 ,93,Pulvérisateur Caruel 2500L,24.0,54072-73,Traitements phytosanitaires,0.9215
54314,2021-04-22 22:52:46,2021-04-22 23:44:10,LANDINI GLOBALFARM 100 ,93,Pulvérisateur Caruel 2500L,24.0,54072-73,Traitements phytosanitaires,1.0031666666666668
54312,2021-04-22 22:35:40,2021-04-22 22:47:28,LANDINI GLOBALFARM 100 ,93,Pulvérisateur Caruel 2500L,24.0,54071-74,Traitements phytosanitaires,0.1666666666666667
54311,2021-04-22 22:19:04,2021-04-22 22:36:10,LANDINI GLOBALFARM 100 ,93,Pulvérisateur Caruel 2500L,24.0,54072-73,Traitements phytosanitaires,0.2341666666666667
54307,2021-04-22 21:55:52,2021-04-22 22:06:52,LANDINI GLOBALFARM 100 ,93,Pulvérisateur Caruel 2500L,24.0,54072-73,Traitements phytosanitaires,0.2516666666666666
54306,2021-04-22 21:50:28,2021-04-22 21:59:28,LANDINI GLOBALFARM 100 ,93,Pulvérisateur Caruel 2500L,24.0,54072-73,Traitements phytosanitaires,0.2091666666666666
54305,2021-04-22 21:44:52,2021-04-22 21:54:52,LANDINI GLOBALFARM 100 ,93,Pulvérisateur Caruel 2500L,24.0,54072-73,Traitements phytosanitaires,0.2541666666666667
54304,2021-04-22 20:44:40,2021-04-22 21:18:46,LANDINI GLOBALFARM 100 ,93,Pulvérisateur Caruel 2500L,24.0,54072-73,Traitements phytosanitaires,0.4733333333333333
54245,2021-04-22 12:02:24,2021-04-22 14:31:30,LANDINI LANDPOWER135 ,134,Cover crop 36 D,4.2,54071-74,Travaux du sol,8.163333333333334
54163,2021-04-22 09:51:06,2021-04-22 10:18:54,LANDINI LANDPOWER135 ,134,Cover crop 36 D,4.2,54071-74,Travaux du sol,1.3725
54098,2021-04-22 07:54:12,2021-04-22 09:03:30,LANDINI LANDPOWER135 ,134,Cover crop 36 D,4.2,54071-74,Travaux du sol,3.2753333333333337
53979,2021-04-21 12:16:24,2021-04-21 12:59:48,LANDINI LANDPOWER135 ,134,Cover crop 36 D,4.2,54052,Travaux du sol,2.1866666666666665
53778,2021-04-21 07:59:06,2021-04-21 12:36:06,LANDINI LANDPOWER135 ,134,Cover crop 36 D,4.2,54053,Travaux du sol,13.900833333333336
53368,2021-04-20 08:17:16,2021-04-20 15:19:46,LANDINI LANDPOWER135 ,134,Cover crop 36 D,4.2,54071-74,Travaux du sol,19.34916666666667
51967,2021-04-13 13:09:42,2021-04-13 17:31:24,LANDINI LANDPOWER135 ,134,Cover crop 36 D,4.2,54054,Travaux du sol,13.363666666666663
51782,2021-04-13 09:29:58,2021-04-13 11:56:16,JOHN DEERE 6195,195,STUBBLE PLOW 32D QUIVOGNE,3.5,54053,Travaux du sol,9.148333333333332
51649,2021-04-12 17:20:36,2021-04-12 18:12:48,LANDINI LANDPOWER135 ,134,Cover crop 36 D,4.2,54031,Travaux du sol,1.97
51628,2021-04-12 16:38:06,2021-04-12 17:22:06,LANDINI LANDPOWER135 ,134,Cover crop 36 D,4.2,54051,Travaux du sol,1.7203333333333335
51553,2021-04-12 14:07:50,2021-04-12 16:42:44,JOHN DEERE 6195,195,STUBBLE PLOW 32D QUIVOGNE,3.5,54052,Travaux du sol,9.775833333333336
51528,2021-04-12 12:36:06,2021-04-12 13:53:48,LANDINI LANDPOWER135 ,134,Cover crop 36 D,4.2,52010,Travaux du sol,3.6341666666666654
51497,2021-04-12 10:20:14,2021-04-12 10:43:26,LANDINI GLOBALFARM 100 ,93,Epandeur d'engrais Amazone,24.0,52010,Fertilisation,0.4133333333333334
51212,2021-04-11 13:15:33,2021-04-11 16:55:51,LANDINI LANDPOWER135 ,134,Cover crop 36 D,4.2,54051,Travaux du sol,9.401666666666667
51122,2021-04-11 10:04:17,2021-04-11 11:22:11,LANDINI GLOBALFARM 100 ,93,Pulvérisateur Caruel 2500L,24.0,43010,Traitements phytosanitaires,1.238
51041,2021-04-11 08:31:16,2021-04-11 11:01:40,JOHN DEERE 6195,195,STUBBLE PLOW 32D QUIVOGNE,3.5,54053,Travaux du sol,9.206
50809,2021-04-10 13:31:41,2021-04-10 16:55:53,JOHN DEERE 6195,195,STUBBLE PLOW 32D QUIVOGNE,3.5,54053,Travaux du sol,14.8955
50807,2021-04-10 13:29:51,2021-04-10 16:13:57,LANDINI LANDPOWER135 ,134,STUBBLE PLOW 16D ATMAR,2.4,54051,Travaux du sol,6.098166666666667
50727,2021-04-10 11:45:47,2021-04-10 12:31:47,LANDINI GLOBALFARM 100 ,93,Pulvérisateur Caruel 2500L,24.0,54033,Traitements phytosanitaires,0.9243333333333336
50510,2021-04-10 08:19:57,2021-04-10 11:51:09,LANDINI LANDPOWER135 ,134,STUBBLE PLOW 16D ATMAR,2.4,54051,Travaux du sol,9.3045
50425,2021-04-09 16:49:29,2021-04-09 16:56:23,LANDINI GLOBALFARM 100 ,93,Pulvérisateur Caruel 2500L,24.0,54041,Traitements phytosanitaires,0.0766666666666666
50406,2021-04-09 16:35:05,2021-04-09 18:45:47,LANDINI LANDPOWER135 ,134,STUBBLE PLOW 16D ATMAR,2.4,54051,Travaux du sol,5.4775
50307,2021-04-09 14:22:04,2021-04-09 14:30:46,LANDINI GLOBALFARM 100 ,93,Pulvérisateur Caruel 2500L,24.0,54071-74,Traitements phytosanitaires,0.0816666666666666
50288,2021-04-09 13:52:06,2021-04-09 16:12:36,JOHN DEERE 6195,195,STUBBLE PLOW 32D QUIVOGNE,3.5,54053,Travaux du sol,10.8225
49950,2021-04-08 18:07:34,2021-04-08 18:17:28,LANDINI GLOBALFARM 100 ,93,Pulvérisateur Caruel 2500L,24.0,54041,Traitements phytosanitaires,0.0928333333333333
49840,2021-04-08 14:22:52,2021-04-08 14:30:34,LANDINI GLOBALFARM 100 ,93,Pulvérisateur Caruel 2500L,24.0,51020,Traitements phytosanitaires,0.0966666666666666
49727,2021-04-08 12:13:22,2021-04-08 12:20:52,LANDINI GLOBALFARM 100 ,93,Pulvérisateur Caruel 2500L,24.0,P54042,Traitements phytosanitaires,0.0818333333333333
49718,2021-04-08 11:57:04,2021-04-08 12:15:58,LANDINI GLOBALFARM 100 ,93,Pulvérisateur Caruel 2500L,24.0,54012,Traitements phytosanitaires,0.2616666666666666
49710,2021-04-08 11:43:33,2021-04-08 11:54:03,LANDINI GLOBALFARM 100 ,93,Pulvérisateur Caruel 2500L,24.0,54012,Traitements phytosanitaires,0.165
49678,2021-04-08 11:19:03,2021-04-08 11:44:09,LANDINI GLOBALFARM 100 ,93,Pulvérisateur Caruel 2500L,24.0,54013-1,Traitements phytosanitaires,0.3741666666666666
49625,2021-04-08 10:26:27,2021-04-08 10:39:09,LANDINI GLOBALFARM 100 ,93,Pulvérisateur Caruel 2500L,24.0,54012,Traitements phytosanitaires,0.1256666666666666
49599,2021-04-08 10:04:57,2021-04-08 10:23:33,LANDINI GLOBALFARM 100 ,93,Pulvérisateur Caruel 2500L,24.0,54012,Traitements phytosanitaires,0.315
49555,2021-04-08 09:17:45,2021-04-08 09:36:15,LANDINI GLOBALFARM 100 ,93,Pulvérisateur Caruel 2500L,24.0,54043,Traitements phytosanitaires,0.2158333333333333
49510,2021-04-08 08:23:44,2021-04-08 11:54:14,JOHN DEERE 6195,195,STUBBLE PLOW 32D QUIVOGNE,3.5,54032,Travaux du sol,14.176333333333332
49411,2021-04-07 17:16:26,2021-04-07 18:41:32,LANDINI LANDPOWER135 ,134,Cover crop 36 D,4.2,51010,Travaux du sol,4.192833333333333
49316,2021-04-07 14:52:02,2021-04-07 16:47:56,LANDINI LANDPOWER135 ,134,Cover crop 36 D,4.2,52010,Travaux du sol,6.534166666666667
49298,2021-04-07 14:38:15,2021-04-07 15:29:09,LANDINI GLOBALFARM 100 ,93,Pulvérisateur Caruel 2500L,24.0,52010,Traitements phytosanitaires,0.7891666666666665
49183,2021-04-07 13:01:23,2021-04-07 16:47:35,JOHN DEERE 6195,195,STUBBLE PLOW 32D QUIVOGNE,3.5,54032,Travaux du sol,14.4565
48973,2021-04-07 09:45:59,2021-04-07 12:03:05,JOHN DEERE 6195,195,STUBBLE PLOW 32D QUIVOGNE,3.5,54032,Travaux du sol,8.574833333333334
48889,2021-04-07 08:47:01,2021-04-07 11:54:07,LANDINI LANDPOWER135 ,134,Cover crop 36 D,4.2,51010,Travaux du sol,9.410333333333334
48592,2021-04-06 13:25:18,2021-04-06 15:38:12,LANDINI LANDPOWER135 ,134,Cover crop 36 D,4.2,52010,Travaux du sol,6.6975
48490,2021-04-06 11:54:45,2021-04-06 12:24:39,LANDINI GLOBALFARM 100 ,93,Pulvérisateur Caruel 2500L,24.0,54072-73,Traitements phytosanitaires,0.6241666666666668
48480,2021-04-06 11:38:33,2021-04-06 12:31:09,LANDINI GLOBALFARM 100 ,93,Pulvérisateur Caruel 2500L,24.0,54072-73,Traitements phytosanitaires,0.968
48465,2021-04-06 11:24:45,2021-04-06 11:39:03,LANDINI GLOBALFARM 100 ,93,Pulvérisateur Caruel 2500L,24.0,54072-73,Traitements phytosanitaires,0.2516666666666667
48429,2021-04-06 10:33:35,2021-04-06 11:58:17,JOHN DEERE 6195,195,STUBBLE PLOW 32D QUIVOGNE,3.5,54043,Travaux du sol,5.814
48414,2021-04-06 10:10:12,2021-04-06 11:58:18,LANDINI LANDPOWER135 ,134,Cover crop 36 D,4.2,52010,Travaux du sol,5.746666666666666
48396,2021-04-06 09:49:27,2021-04-06 10:56:27,LANDINI GLOBALFARM 100 ,93,Pulvérisateur Caruel 2500L,24.0,54072-73,Traitements phytosanitaires,1.2311666666666667
48348,2021-04-06 08:46:17,2021-04-06 10:01:47,JOHN DEERE 6195,195,STUBBLE PLOW 32D QUIVOGNE,3.5,54043,Travaux du sol,4.536666666666666
48282,2021-04-05 18:59:21,2021-04-05 19:14:27,LANDINI GLOBALFARM 100 ,93,Epandeur d'engrais Amazone,24.0,54072-73,Fertilisation,0.3241666666666666
48279,2021-04-05 18:39:15,2021-04-05 18:55:39,LANDINI GLOBALFARM 100 ,93,Epandeur d'engrais Amazone,24.0,54072-73,Fertilisation,0.3608333333333333
48249,2021-04-05 17:20:33,2021-04-05 18:58:33,LANDINI LANDPOWER135 ,134,Cover crop 36 D,4.2,52010,Travaux du sol,4.560833333333333
48132,2021-04-05 13:38:25,2021-04-05 16:55:31,LANDINI LANDPOWER135 ,134,Cover crop 36 D,4.2,52010,Travaux du sol,8.585833333333332
48130,2021-04-05 13:35:57,2021-04-05 15:28:27,LANDINI GLOBALFARM 100 ,93,SEMOIR MONOSEM ,3.6,54033,Semis,2.1646666666666663
48023,2021-04-05 11:38:37,2021-04-05 11:59:07,LANDINI LANDPOWER135 ,134,Cover crop 36 D,4.2,52010,Travaux du sol,1.0366666666666666
47868,2021-04-05 09:13:33,2021-04-05 11:33:45,LANDINI GLOBALFARM 100 ,93,SEMOIR MONOSEM ,3.6,54033,Semis,2.530666666666667
47751,2021-04-04 16:58:22,2021-04-04 18:51:28,LANDINI LANDPOWER135 ,134,Cover crop 36 D,4.2,51020,Travaux du sol,4.604166666666666
47488,2021-04-04 08:39:10,2021-04-04 11:57:40,LANDINI LANDPOWER135 ,134,Cover crop 36 D,4.2,54033,Travaux du sol,9.840666666666667
47261,2021-04-03 13:09:33,2021-04-03 15:37:03,LANDINI LANDPOWER135 ,134,Cover crop 36 D,4.2,54033,Travaux du sol,6.814
47009,2021-04-03 08:40:50,2021-04-03 09:24:32,LANDINI LANDPOWER135 ,134,Cover crop 36 D,4.2,51020,Travaux du sol,2.263
46990,2021-04-03 08:15:27,2021-04-03 11:47:57,JOHN DEERE 6195,195,STUBBLE PLOW 32D QUIVOGNE,3.5,54033,Travaux du sol,12.7655
46769,2021-04-02 13:55:17,2021-04-02 16:53:59,JOHN DEERE 6195,195,STUBBLE PLOW 32D QUIVOGNE,3.5,54033,Travaux du sol,13.370333333333331
46742,2021-04-02 13:07:18,2021-04-02 14:32:00,LANDINI LANDPOWER135 ,134,Cover crop 36 D,4.2,P54042,Travaux du sol,4.236666666666666
46116,2021-04-01 10:46:19,2021-04-01 12:11:55,LANDINI GLOBALFARM 100 ,93,Epandeur d'engrais Amazone,24.0,P54042,Fertilisation,1.5863333333333332
46030,2021-04-01 09:18:15,2021-04-01 09:45:03,LANDINI LANDPOWER135 ,134,Cover crop 36 D,4.2,51020,Travaux du sol,1.2458333333333331
46003,2021-04-01 08:53:05,2021-04-01 11:53:35,JOHN DEERE 6195,195,STUBBLE PLOW 32D QUIVOGNE,3.5,54032,Travaux du sol,12.566833333333332
45905,2021-03-31 18:30:21,2021-03-31 19:00:57,LANDINI LANDPOWER135 ,134,Cover crop 36 D,4.2,51010,Travaux du sol,1.2108333333333334
45865,2021-03-31 17:03:15,2021-03-31 17:24:45,LANDINI LANDPOWER135 ,134,Cover crop 36 D,4.2,51020,Travaux du sol,1.0908333333333335
45743,2021-03-31 14:06:50,2021-03-31 14:32:26,LANDINI LANDPOWER135 ,134,Cover crop 36 D,4.2,51010,Travaux du sol,1.1958333333333333
45712,2021-03-31 13:16:24,2021-03-31 16:46:54,JOHN DEERE 6195,195,STUBBLE PLOW 32D QUIVOGNE,3.5,54032,Travaux du sol,14.526
45492,2021-03-31 08:58:50,2021-03-31 11:06:32,LANDINI LANDPOWER135 ,134,Cover crop 36 D,4.2,54072-73,Travaux du sol,6.683333333333334
45462,2021-03-31 08:30:56,2021-03-31 08:53:02,LANDINI LANDPOWER135 ,134,Cover crop 36 D,4.2,54072-73,Travaux du sol,1.2091666666666665
45460,2021-03-31 08:28:24,2021-03-31 09:24:54,JOHN DEERE 6195,195,STUBBLE PLOW 32D QUIVOGNE,3.5,54032,Travaux du sol,3.5508333333333333
45449,2021-03-31 08:13:44,2021-03-31 11:10:08,LANDINI LANDPOWER135 ,134,Cover crop 36 D,4.2,54072-73,Travaux du sol,9.272833333333336
45359,2021-03-30 17:15:53,2021-03-30 18:41:05,LANDINI LANDPOWER135 ,134,Cover crop 36 D,4.2,54072-73,Travaux du sol,4.13
45358,2021-03-30 17:13:17,2021-03-30 18:45:59,LANDINI LANDPOWER135 ,134,Cover crop 36 D,4.2,54072-73,Travaux du sol,4.3795
45290,2021-03-30 15:21:58,2021-03-30 16:53:28,JOHN DEERE 6195,195,STUBBLE PLOW 32D QUIVOGNE,3.5,54051,Travaux du sol,7.3655
45198,2021-03-30 13:08:16,2021-03-30 15:48:52,JOHN DEERE 6195,195,STUBBLE PLOW 32D QUIVOGNE,3.5,54052,Travaux du sol,11.78
44965,2021-03-30 08:35:47,2021-03-30 11:48:35,LANDINI LANDPOWER135 ,134,Cover crop 36 D,4.2,54072-73,Travaux du sol,9.650833333333336
44865,2021-03-29 17:38:15,2021-03-29 18:04:21,LANDINI LANDPOWER135 ,134,Cover crop 36 D,4.2,54072-73,Travaux du sol,1.3216666666666668
44858,2021-03-29 17:16:15,2021-03-29 17:32:21,LANDINI LANDPOWER135 ,134,Cover crop 36 D,4.2,54072-73,Travaux du sol,0.7441666666666666
44856,2021-03-29 17:10:45,2021-03-29 17:30:09,LANDINI LANDPOWER135 ,134,Cover crop 36 D,4.2,54072-73,Travaux du sol,0.9625
44768,2021-03-29 14:22:27,2021-03-29 17:11:27,LANDINI LANDPOWER135 ,134,Cover crop 36 D,4.2,54072-73,Travaux du sol,9.194166666666668
44739,2021-03-29 13:19:45,2021-03-29 13:46:39,LANDINI LANDPOWER135 ,134,Cover crop 36 D,4.2,54072-73,Travaux du sol,1.3625
44737,2021-03-29 13:17:09,2021-03-29 13:33:57,LANDINI LANDPOWER135 ,134,Cover crop 36 D,4.2,54072-73,Travaux du sol,0.86
44666,2021-03-29 11:15:15,2021-03-29 12:03:33,LANDINI LANDPOWER135 ,134,Cover crop 36 D,4.2,54072-73,Travaux du sol,2.35
44622,2021-03-29 10:15:39,2021-03-29 10:54:27,LANDINI LANDPOWER135 ,134,Cover crop 36 D,4.2,54072-73,Travaux du sol,1.9675
44454,2021-03-25 14:21:47,2021-03-25 14:54:05,LANDINI LANDPOWER135 ,134,Cover crop 36 D,4.2,54072-73,Travaux du sol,1.3308333333333335
44446,2021-03-25 13:50:53,2021-03-25 14:25:29,LANDINI LANDPOWER135 ,134,Cover crop 36 D,4.2,54072-73,Travaux du sol,1.3433333333333335
44434,2021-03-25 13:34:35,2021-03-25 13:55:47,LANDINI LANDPOWER135 ,134,Cover crop 36 D,4.2,54072-73,Travaux du sol,0.9341666666666664
44348,2021-03-25 10:43:17,2021-03-25 12:00:17,LANDINI LANDPOWER135 ,134,Cover crop 36 D,4.2,54072-73,Travaux du sol,3.195833333333333
44298,2021-03-25 09:35:11,2021-03-25 10:24:53,LANDINI LANDPOWER135 ,134,Cover crop 36 D,4.2,54072-73,Travaux du sol,2.0541666666666667
44294,2021-03-25 09:32:41,2021-03-25 10:31:05,LANDINI LANDPOWER135 ,134,Cover crop 36 D,4.2,54072-73,Travaux du sol,2.425833333333333
44195,2021-03-24 17:34:53,2021-03-24 18:51:05,LANDINI LANDPOWER135 ,134,Cover crop 36 D,4.2,54072-73,Travaux du sol,3.5108333333333337
43461,2021-03-22 16:48:43,2021-03-22 17:37:01,LANDINI GLOBALFARM 100 ,93,Pulvérisateur Caruel 2500L,24.0,54021,Traitements phytosanitaires,0.8333333333333335
43438,2021-03-22 16:06:43,2021-03-22 16:18:49,LANDINI GLOBALFARM 100 ,93,Pulvérisateur Caruel 2500L,24.0,P54042,Traitements phytosanitaires,0.1958333333333333
43385,2021-03-22 14:20:01,2021-03-22 15:41:49,LANDINI GLOBALFARM 100 ,93,Pulvérisateur Caruel 2500L,24.0,54021,Traitements phytosanitaires,1.265
42768,2021-03-19 17:21:23,2021-03-19 18:50:05,LANDINI GLOBALFARM 100 ,93,Pulvérisateur Caruel 2500L,24.0,41010-20,Traitements phytosanitaires,1.4505
42732,2021-03-19 16:29:59,2021-03-19 16:53:59,LANDINI GLOBALFARM 100 ,93,Pulvérisateur Caruel 2500L,24.0,41010-20,Traitements phytosanitaires,0.3456666666666666
41732,2021-03-16 14:34:43,2021-03-16 18:54:01,LANDINI LANDPOWER135 ,134,STUBBLE PLOW 16D ATMAR,2.4,54071-74,Travaux du sol,12.975
41715,2021-03-16 13:51:31,2021-03-16 14:30:25,LANDINI LANDPOWER135 ,134,STUBBLE PLOW 16D ATMAR,2.4,54071-74,Travaux du sol,2.1125
41520,2021-03-16 08:27:31,2021-03-16 12:02:19,LANDINI LANDPOWER135 ,134,STUBBLE PLOW 16D ATMAR,2.4,54071-74,Travaux du sol,10.560333333333334
41207,2021-03-15 08:20:54,2021-03-15 12:06:24,LANDINI LANDPOWER135 ,134,STUBBLE PLOW 16D ATMAR,2.4,54071-74,Travaux du sol,9.907166666666669
41161,2021-03-14 14:33:06,2021-03-14 18:58:42,LANDINI LANDPOWER135 ,134,STUBBLE PLOW 16D ATMAR,2.4,54071-74,Travaux du sol,11.763
40976,2021-03-13 15:46:28,2021-03-13 16:38:10,LANDINI GLOBALFARM 100 ,93,Pulvérisateur Caruel 2500L,24.0,54021,Traitements phytosanitaires,0.882
40910,2021-03-13 14:01:52,2021-03-13 15:16:58,LANDINI GLOBALFARM 100 ,93,Pulvérisateur Caruel 2500L,24.0,54021,Traitements phytosanitaires,1.1838333333333333
39286,2021-03-05 15:06:43,2021-03-05 16:48:07,LANDINI GLOBALFARM 100 ,93,Pulvérisateur Caruel 2500L,24.0,46010,Traitements phytosanitaires,1.5475
39077,2021-03-04 17:31:01,2021-03-04 17:31:25,LANDINI GLOBALFARM 100 ,93,Pulvérisateur Caruel 2500L,24.0,42020,Traitements phytosanitaires,0.0073333333333333
39057,2021-03-04 15:46:55,2021-03-04 16:50:19,LANDINI GLOBALFARM 100 ,93,Pulvérisateur Caruel 2500L,24.0,42010,Traitements phytosanitaires,0.8495
38922,2021-03-04 11:11:31,2021-03-04 11:44:43,LANDINI GLOBALFARM 100 ,93,Pulvérisateur Caruel 2500L,24.0,46010,Traitements phytosanitaires,0.5373333333333332
36679,2021-02-20 16:27:13,2021-02-20 16:56:31,LANDINI GLOBALFARM 100 ,93,Pulvérisateur Caruel 2500L,24.0,54081,Traitements phytosanitaires,0.5833333333333333
36598,2021-02-20 14:19:55,2021-02-20 14:43:13,LANDINI GLOBALFARM 100 ,93,Pulvérisateur Caruel 2500L,24.0,54054,Traitements phytosanitaires,0.4433333333333333
33068,2021-02-02 14:10:56,2021-02-02 14:19:44,LANDINI GLOBALFARM 100 ,93,Pulvérisateur Caruel 2500L,24.0,41010-20,Traitements phytosanitaires,0.1363333333333333
32810,2021-02-01 16:06:37,2021-02-01 16:19:13,LANDINI GLOBALFARM 100 ,93,Pulvérisateur Caruel 2500L,24.0,54032,Traitements phytosanitaires,0.2016666666666667
32731,2021-02-01 14:02:19,2021-02-01 14:55:37,LANDINI GLOBALFARM 100 ,93,Pulvérisateur Caruel 2500L,24.0,54032,Traitements phytosanitaires,1.0941666666666667
31237,2021-01-26 14:50:28,2021-01-26 15:23:34,LANDINI GLOBALFARM 100 ,93,Epandeur d'engrais Amazone,24.0,43020,Fertilisation,0.6715
29181,2021-01-19 17:07:40,2021-01-19 17:36:16,LANDINI GLOBALFARM 100 ,93,Pulvérisateur Caruel 2500L,24.0,54012,Traitements phytosanitaires,0.5931666666666665
29160,2021-01-19 15:46:46,2021-01-19 16:15:34,LANDINI GLOBALFARM 100 ,93,Pulvérisateur Caruel 2500L,24.0,54013-1,Traitements phytosanitaires,0.7008333333333333
29088,2021-01-19 14:22:10,2021-01-19 15:28:34,LANDINI GLOBALFARM 100 ,93,Pulvérisateur Caruel 2500L,24.0,54013-2,Traitements phytosanitaires,1.4878333333333336
28975,2021-01-19 11:11:46,2021-01-19 11:34:10,LANDINI GLOBALFARM 100 ,93,Pulvérisateur Caruel 2500L,24.0,54021,Traitements phytosanitaires,0.4158333333333334
28842,2021-01-18 17:45:22,2021-01-18 17:56:52,LANDINI GLOBALFARM 100 ,93,Pulvérisateur Caruel 2500L,24.0,54021,Traitements phytosanitaires,0.2191666666666666
28668,2021-01-18 11:47:32,2021-01-18 12:07:38,LANDINI GLOBALFARM 100 ,93,Pulvérisateur Caruel 2500L,24.0,54081,Traitements phytosanitaires,0.385
28400,2021-01-17 13:40:26,2021-01-17 13:40:50,LANDINI GLOBALFARM 100 ,93,Pulvérisateur Caruel 2500L,24.0,42010,Traitements phytosanitaires,0.0061666666666666
